provider,code,status_zh,status_en,category,description,next_action
ecpay,300,訂單處理中(綠界已收到訂單資料),,pending,物流商：UNIMART、UNIMARTC2C、FAMI、FAMIC2C、HILIFE、HILIFEC2C、TCAT,見綠界物流貨態代碼表（developers.ecpay.com.tw/logistics_status/；各物流商代碼會不定時更新）
ecpay,310,訂單上傳物流中,,pending,物流商：UNIMART、FAMI、FAMIC2C、HILIFE、HILIFEC2C、TCAT,見綠界物流貨態代碼表（developers.ecpay.com.tw/logistics_status/；各物流商代碼會不定時更新）
ecpay,2000,已申請門市變更,,status,物流商：UNIMART、HILIFE、HILIFEC2C,見綠界物流貨態代碼表（developers.ecpay.com.tw/logistics_status/；各物流商代碼會不定時更新）
ecpay,2001,訂單傳送超商成功,,status,物流商：UNIMART、HILIFE、HILIFEC2C,見綠界物流貨態代碼表（developers.ecpay.com.tw/logistics_status/；各物流商代碼會不定時更新）
ecpay,2002,出貨單號不合規則,,error,物流商：UNIMART、HILIFE、HILIFEC2C,見綠界物流貨態代碼表（developers.ecpay.com.tw/logistics_status/；各物流商代碼會不定時更新）
ecpay,2003,XML檔內出貨單號重複,,error,物流商：UNIMART、HILIFE、HILIFEC2C,見綠界物流貨態代碼表（developers.ecpay.com.tw/logistics_status/；各物流商代碼會不定時更新）
ecpay,2004,出貨單號重複上傳使用(驗收時發現),,error,物流商：UNIMART、HILIFE、HILIFEC2C,見綠界物流貨態代碼表（developers.ecpay.com.tw/logistics_status/；各物流商代碼會不定時更新）
ecpay,2005,日期格式不符,,error,物流商：UNIMART、HILIFE、HILIFEC2C,見綠界物流貨態代碼表（developers.ecpay.com.tw/logistics_status/；各物流商代碼會不定時更新）
ecpay,2006,訂單金額或代收金額錯誤,,error,物流商：UNIMART、HILIFE、HILIFEC2C,見綠界物流貨態代碼表（developers.ecpay.com.tw/logistics_status/；各物流商代碼會不定時更新）
ecpay,2007,商品類型為空,,status,物流商：UNIMART、HILIFE、HILIFEC2C,見綠界物流貨態代碼表（developers.ecpay.com.tw/logistics_status/；各物流商代碼會不定時更新）
ecpay,2008,訂單為空,,status,物流商：UNIMART,見綠界物流貨態代碼表（developers.ecpay.com.tw/logistics_status/；各物流商代碼會不定時更新）
ecpay,2009,門市店號為空,,status,物流商：UNIMART、HILIFE、HILIFEC2C,見綠界物流貨態代碼表（developers.ecpay.com.tw/logistics_status/；各物流商代碼會不定時更新）
ecpay,2010,出貨日期為空,,status,物流商：UNIMART、HILIFE、HILIFEC2C,見綠界物流貨態代碼表（developers.ecpay.com.tw/logistics_status/；各物流商代碼會不定時更新）
ecpay,2011,出貨金額為空,,status,物流商：UNIMART、HILIFE、HILIFEC2C,見綠界物流貨態代碼表（developers.ecpay.com.tw/logistics_status/；各物流商代碼會不定時更新）
ecpay,2012,出貨編號不存在,,status,物流商：UNIMART、HILIFE、HILIFEC2C,見綠界物流貨態代碼表（developers.ecpay.com.tw/logistics_status/；各物流商代碼會不定時更新）
ecpay,2013,母廠商不存在,,status,物流商：UNIMART、HILIFE、HILIFEC2C,見綠界物流貨態代碼表（developers.ecpay.com.tw/logistics_status/；各物流商代碼會不定時更新）
ecpay,2014,子廠商不存在,,status,物流商：UNIMART、HILIFE、HILIFEC2C,見綠界物流貨態代碼表（developers.ecpay.com.tw/logistics_status/；各物流商代碼會不定時更新）
ecpay,2015,出貨編號已存在(單筆),,status,物流商：UNIMART、HILIFE、HILIFEC2C,見綠界物流貨態代碼表（developers.ecpay.com.tw/logistics_status/；各物流商代碼會不定時更新）
ecpay,2016,門市已關轉店，將進行退貨處理,,returning,物流商：UNIMART、HILIFE、HILIFEC2C,見綠界物流貨態代碼表（developers.ecpay.com.tw/logistics_status/；各物流商代碼會不定時更新）
ecpay,2017,出貨日期不符合規定,,error,物流商：UNIMART、HILIFE、HILIFEC2C,見綠界物流貨態代碼表（developers.ecpay.com.tw/logistics_status/；各物流商代碼會不定時更新）
ecpay,2018,服務類型不符規定(如只開取貨付款服務，卻使用純取貨服務),,error,物流商：UNIMART、HILIFE、HILIFEC2C,見綠界物流貨態代碼表（developers.ecpay.com.tw/logistics_status/；各物流商代碼會不定時更新）
ecpay,2019,商品類型不符規定,,error,物流商：UNIMART、HILIFE、HILIFEC2C,見綠界物流貨態代碼表（developers.ecpay.com.tw/logistics_status/；各物流商代碼會不定時更新）
ecpay,2020,廠商尚未申請店配服務,,status,物流商：UNIMART、HILIFE、HILIFEC2C,見綠界物流貨態代碼表（developers.ecpay.com.tw/logistics_status/；各物流商代碼會不定時更新）
ecpay,2021,[UNIMART、HILIFEC2C] 同一批次出貨編號重複(批次) / [HILIFE] 同一批次出貨編號重覆(批次),,error,物流商：UNIMART、HILIFE、HILIFEC2C,見綠界物流貨態代碼表（developers.ecpay.com.tw/logistics_status/；各物流商代碼會不定時更新）
ecpay,2022,出貨金額不符規定,,error,物流商：UNIMART、HILIFE、HILIFEC2C,見綠界物流貨態代碼表（developers.ecpay.com.tw/logistics_status/；各物流商代碼會不定時更新）
ecpay,2023,取貨人姓名為空,,status,物流商：UNIMART、HILIFE、HILIFEC2C,見綠界物流貨態代碼表（developers.ecpay.com.tw/logistics_status/；各物流商代碼會不定時更新）
ecpay,2024,訂單傳送超商成功,,status,物流商：UNIMART、HILIFE、HILIFEC2C,見綠界物流貨態代碼表（developers.ecpay.com.tw/logistics_status/；各物流商代碼會不定時更新）
ecpay,2025,門市轉店號(舊門市店號已更新),,status,物流商：UNIMART、HILIFE、HILIFEC2C,見綠界物流貨態代碼表（developers.ecpay.com.tw/logistics_status/；各物流商代碼會不定時更新）
ecpay,2026,無此門市，將進行退貨處理,,returning,物流商：UNIMART、HILIFE、HILIFEC2C,見綠界物流貨態代碼表（developers.ecpay.com.tw/logistics_status/；各物流商代碼會不定時更新）
ecpay,2027,門市指定時間不配送，後續配送中,,status,物流商：UNIMART、HILIFE、HILIFEC2C,見綠界物流貨態代碼表（developers.ecpay.com.tw/logistics_status/；各物流商代碼會不定時更新）
ecpay,2028,門市關轉店，3日內未更新SUP(新店號)便至退貨流程,,returning,物流商：UNIMART、HILIFE、HILIFEC2C,見綠界物流貨態代碼表（developers.ecpay.com.tw/logistics_status/；各物流商代碼會不定時更新）
ecpay,2029,門市尚未開店,,status,物流商：UNIMART、HILIFE、HILIFEC2C,見綠界物流貨態代碼表（developers.ecpay.com.tw/logistics_status/；各物流商代碼會不定時更新）
ecpay,2030,物流中心驗收成功,,status,物流商：UNIMART、UNIMARTC2C、HILIFE、HILIFEC2C,見綠界物流貨態代碼表（developers.ecpay.com.tw/logistics_status/；各物流商代碼會不定時更新）
ecpay,2031,等待賣家出貨,,status,物流商：UNIMART、HILIFE、HILIFEC2C,見綠界物流貨態代碼表（developers.ecpay.com.tw/logistics_status/；各物流商代碼會不定時更新）
ecpay,2032,包裝異常，請洽客服,,error,物流商：UNIMART、HILIFE、HILIFEC2C,見綠界物流貨態代碼表（developers.ecpay.com.tw/logistics_status/；各物流商代碼會不定時更新）
ecpay,2033,包裹超材，退回賣家,,returning,物流商：UNIMART、HILIFE、HILIFEC2C,見綠界物流貨態代碼表（developers.ecpay.com.tw/logistics_status/；各物流商代碼會不定時更新）
ecpay,2034,違禁品(退貨及罰款處理),,returning,物流商：UNIMART、HILIFE、HILIFEC2C,見綠界物流貨態代碼表（developers.ecpay.com.tw/logistics_status/；各物流商代碼會不定時更新）
ecpay,2035,[UNIMART、HILIFEC2C] 訂單資料重複上傳 / [HILIFE] 訂單資料重覆上傳,,error,物流商：UNIMART、HILIFE、HILIFEC2C,見綠界物流貨態代碼表（developers.ecpay.com.tw/logistics_status/；各物流商代碼會不定時更新）
ecpay,2036,訂單超過驗收期限（賣家未出貨）,,status,物流商：UNIMART、HILIFE、HILIFEC2C,見綠界物流貨態代碼表（developers.ecpay.com.tw/logistics_status/；各物流商代碼會不定時更新）
ecpay,2037,取件門市關轉，請重選門市,,status,物流商：UNIMART、HILIFE、HILIFEC2C,見綠界物流貨態代碼表（developers.ecpay.com.tw/logistics_status/；各物流商代碼會不定時更新）
ecpay,2038,標籤錯誤，廠退處理,,error,物流商：UNIMART、HILIFE、HILIFEC2C,見綠界物流貨態代碼表（developers.ecpay.com.tw/logistics_status/；各物流商代碼會不定時更新）
ecpay,2039,標籤錯誤，廠退處理,,error,物流商：UNIMART、HILIFE、HILIFEC2C,見綠界物流貨態代碼表（developers.ecpay.com.tw/logistics_status/；各物流商代碼會不定時更新）
ecpay,2040,標籤錯誤，廠退處理,,error,物流商：UNIMART、HILIFE、HILIFEC2C,見綠界物流貨態代碼表（developers.ecpay.com.tw/logistics_status/；各物流商代碼會不定時更新）
ecpay,2041,物流中心理貨中,,status,物流商：UNIMART、UNIMARTC2C、HILIFE、HILIFEC2C,見綠界物流貨態代碼表（developers.ecpay.com.tw/logistics_status/；各物流商代碼會不定時更新）
ecpay,2042,包裹遺失，進入賠償程序,,error,物流商：UNIMART、UNIMARTC2C、HILIFE、HILIFEC2C,見綠界物流貨態代碼表（developers.ecpay.com.tw/logistics_status/；各物流商代碼會不定時更新）
ecpay,2043,門市指定時間不配送，後續配送中,,status,物流商：UNIMART、UNIMARTC2C、HILIFE、HILIFEC2C,見綠界物流貨態代碼表（developers.ecpay.com.tw/logistics_status/；各物流商代碼會不定時更新）
ecpay,2044,賣家已取退回包裹,,returned,物流商：UNIMART,見綠界物流貨態代碼表（developers.ecpay.com.tw/logistics_status/；各物流商代碼會不定時更新）
ecpay,2045,不正常到貨(商品提早到物流中心)，廠退處理,,returning,物流商：UNIMART、HILIFE、HILIFEC2C,見綠界物流貨態代碼表（developers.ecpay.com.tw/logistics_status/；各物流商代碼會不定時更新）
ecpay,2046,貨件未取退回大智通物流中心,,returning,物流商：UNIMART、HILIFE、HILIFEC2C,見綠界物流貨態代碼表（developers.ecpay.com.tw/logistics_status/；各物流商代碼會不定時更新）
ecpay,2047,正常二退(退貨時間延長，在判賠期限內退回),,returning,物流商：UNIMART、HILIFE、HILIFEC2C,見綠界物流貨態代碼表（developers.ecpay.com.tw/logistics_status/；各物流商代碼會不定時更新）
ecpay,2048,包裝異常，請洽客服,,error,物流商：UNIMART、UNIMARTC2C、HILIFE、HILIFEC2C,見綠界物流貨態代碼表（developers.ecpay.com.tw/logistics_status/；各物流商代碼會不定時更新）
ecpay,2049,門市關店，將進行退貨處理,,returning,物流商：UNIMART、HILIFE、HILIFEC2C,見綠界物流貨態代碼表（developers.ecpay.com.tw/logistics_status/；各物流商代碼會不定時更新）
ecpay,2050,門市轉店，將進行退貨處理,,returning,物流商：UNIMART、HILIFE、HILIFEC2C,見綠界物流貨態代碼表（developers.ecpay.com.tw/logistics_status/；各物流商代碼會不定時更新）
ecpay,2051,賣家要求提早退貨,,returning,物流商：UNIMART、UNIMARTC2C、HILIFE、HILIFEC2C,見綠界物流貨態代碼表（developers.ecpay.com.tw/logistics_status/；各物流商代碼會不定時更新）
ecpay,2052,違禁品(退貨及罰款處理),,returning,物流商：UNIMART、HILIFE、HILIFEC2C,見綠界物流貨態代碼表（developers.ecpay.com.tw/logistics_status/；各物流商代碼會不定時更新）
ecpay,2053,門市誤刷取件，包裹退回中,,returning,物流商：UNIMART、UNIMARTC2C、HILIFE、HILIFEC2C,見綠界物流貨態代碼表（developers.ecpay.com.tw/logistics_status/；各物流商代碼會不定時更新）
ecpay,2054,賣家要求提早退貨,,returning,物流商：UNIMART、HILIFE、HILIFEC2C,見綠界物流貨態代碼表（developers.ecpay.com.tw/logistics_status/；各物流商代碼會不定時更新）
ecpay,2055,包裹退至物流中心,,returning,物流商：UNIMART、HILIFE、HILIFEC2C,見綠界物流貨態代碼表（developers.ecpay.com.tw/logistics_status/；各物流商代碼會不定時更新）
ecpay,2057,車輛故障，後續配送中,,status,物流商：UNIMART、HILIFE、HILIFEC2C,見綠界物流貨態代碼表（developers.ecpay.com.tw/logistics_status/；各物流商代碼會不定時更新）
ecpay,2058,天候不佳，後續配送中,,status,物流商：UNIMART、UNIMARTC2C、HILIFE、HILIFEC2C,見綠界物流貨態代碼表（developers.ecpay.com.tw/logistics_status/；各物流商代碼會不定時更新）
ecpay,2059,道路中斷，後續配送中,,status,物流商：UNIMART、HILIFE、HILIFEC2C,見綠界物流貨態代碼表（developers.ecpay.com.tw/logistics_status/；各物流商代碼會不定時更新）
ecpay,2060,門市停業，廠退處理,,returning,物流商：UNIMART、HILIFE、HILIFEC2C,見綠界物流貨態代碼表（developers.ecpay.com.tw/logistics_status/；各物流商代碼會不定時更新）
ecpay,2061,包裹異常，請洽客服,,error,物流商：UNIMART、UNIMARTC2C、HILIFE、HILIFEC2C,見綠界物流貨態代碼表（developers.ecpay.com.tw/logistics_status/；各物流商代碼會不定時更新）
ecpay,2062,包裹門市確認中,,status,物流商：UNIMART、UNIMARTC2C、HILIFE、HILIFEC2C,見綠界物流貨態代碼表（developers.ecpay.com.tw/logistics_status/；各物流商代碼會不定時更新）
ecpay,2063,包裹配達取件門市,,at_store,物流商：UNIMART、HILIFE、HILIFEC2C,見綠界物流貨態代碼表（developers.ecpay.com.tw/logistics_status/；各物流商代碼會不定時更新）
ecpay,2065,買家未取包裹，將退回物流中心,,returning,物流商：UNIMART、HILIFE、HILIFEC2C,見綠界物流貨態代碼表（developers.ecpay.com.tw/logistics_status/；各物流商代碼會不定時更新）
ecpay,2066,包裹確認中，將退回物流中心,,returning,物流商：UNIMART、UNIMARTC2C、HILIFE、HILIFEC2C,見綠界物流貨態代碼表（developers.ecpay.com.tw/logistics_status/；各物流商代碼會不定時更新）
ecpay,2067,買家已到店取貨,,picked_up,物流商：UNIMART、UNIMARTC2C、HILIFE、HILIFEC2C,見綠界物流貨態代碼表（developers.ecpay.com.tw/logistics_status/；各物流商代碼會不定時更新）
ecpay,2070,賣家已取退回包裹,,returned,物流商：UNIMART、UNIMARTC2C、HILIFE、HILIFEC2C,見綠界物流貨態代碼表（developers.ecpay.com.tw/logistics_status/；各物流商代碼會不定時更新）
ecpay,2071,門市代碼格式錯誤,,error,物流商：UNIMART、HILIFE、HILIFEC2C,見綠界物流貨態代碼表（developers.ecpay.com.tw/logistics_status/；各物流商代碼會不定時更新）
ecpay,2073,包裹配達取件門市,,at_store,物流商：UNIMART、UNIMARTC2C、HILIFE、HILIFEC2C,見綠界物流貨態代碼表（developers.ecpay.com.tw/logistics_status/；各物流商代碼會不定時更新）
ecpay,2074,買家未取包裹，將退回物流中心,,returning,物流商：UNIMART、UNIMARTC2C、HILIFE、HILIFEC2C,見綠界物流貨態代碼表（developers.ecpay.com.tw/logistics_status/；各物流商代碼會不定時更新）
ecpay,2072,包裹已退至原寄件門市,,returning,物流商：UNIMART、UNIMARTC2C、HILIFE、HILIFEC2C,見綠界物流貨態代碼表（developers.ecpay.com.tw/logistics_status/；各物流商代碼會不定時更新）
ecpay,2075,賣家未取包裹，將退回物流中心,,returning,物流商：UNIMART、UNIMARTC2C、HILIFE、HILIFEC2C,見綠界物流貨態代碼表（developers.ecpay.com.tw/logistics_status/；各物流商代碼會不定時更新）
ecpay,2076,買家未取包裹，已退回物流中心,,returned,物流商：UNIMART、UNIMARTC2C,見綠界物流貨態代碼表（developers.ecpay.com.tw/logistics_status/；各物流商代碼會不定時更新）
ecpay,2094,包裹異常，請洽客服,,error,物流商：UNIMART、UNIMARTC2C,見綠界物流貨態代碼表（developers.ecpay.com.tw/logistics_status/；各物流商代碼會不定時更新）
ecpay,2095,天候路況不佳,,status,物流商：UNIMART,見綠界物流貨態代碼表（developers.ecpay.com.tw/logistics_status/；各物流商代碼會不定時更新）
ecpay,2098,包裹重新配達取件門市,,at_store,物流商：UNIMART、UNIMARTC2C,見綠界物流貨態代碼表（developers.ecpay.com.tw/logistics_status/；各物流商代碼會不定時更新）
ecpay,4001,買家已到門市寄件,,status,物流商：UNIMART、FAMI、FAMIC2C、HILIFE、HILIFEC2C,見綠界物流貨態代碼表（developers.ecpay.com.tw/logistics_status/；各物流商代碼會不定時更新）
ecpay,4002,退貨商品已至物流中心,,returning,物流商：UNIMART、FAMI、FAMIC2C、HILIFE、HILIFEC2C,見綠界物流貨態代碼表（developers.ecpay.com.tw/logistics_status/；各物流商代碼會不定時更新）
ecpay,4003,退件包裹異常，協尋中,,error,物流商：UNIMART,見綠界物流貨態代碼表（developers.ecpay.com.tw/logistics_status/；各物流商代碼會不定時更新）
ecpay,4004,包裹遺失，進入賠償程序,,error,物流商：UNIMART,見綠界物流貨態代碼表（developers.ecpay.com.tw/logistics_status/；各物流商代碼會不定時更新）
ecpay,7017,取件包裹異常，協尋中,,error,物流商：UNIMART、UNIMARTC2C,見綠界物流貨態代碼表（developers.ecpay.com.tw/logistics_status/；各物流商代碼會不定時更新）
ecpay,7018,包裹遺失，進入賠償程序,,error,物流商：UNIMART、UNIMARTC2C,見綠界物流貨態代碼表（developers.ecpay.com.tw/logistics_status/；各物流商代碼會不定時更新）
ecpay,7021,包裹異常，請洽客服,,error,物流商：UNIMART,見綠界物流貨態代碼表（developers.ecpay.com.tw/logistics_status/；各物流商代碼會不定時更新）
ecpay,7022,包裹異常，請洽客服,,error,物流商：UNIMART,見綠界物流貨態代碼表（developers.ecpay.com.tw/logistics_status/；各物流商代碼會不定時更新）
ecpay,7023,包裹異常，請洽客服,,error,物流商：UNIMART,見綠界物流貨態代碼表（developers.ecpay.com.tw/logistics_status/；各物流商代碼會不定時更新）
ecpay,7038,門市驗收異常，請洽客服,,error,物流商：UNIMART、UNIMARTC2C,見綠界物流貨態代碼表（developers.ecpay.com.tw/logistics_status/；各物流商代碼會不定時更新）
ecpay,2068,賣家已到門市寄件,,status,物流商：UNIMARTC2C、HILIFE、HILIFEC2C,見綠界物流貨態代碼表（developers.ecpay.com.tw/logistics_status/；各物流商代碼會不定時更新）
ecpay,2069,退貨便收件(商品退回指定C門市),,returning,物流商：UNIMARTC2C、HILIFE、HILIFEC2C,見綠界物流貨態代碼表（developers.ecpay.com.tw/logistics_status/；各物流商代碼會不定時更新）
ecpay,2077,賣家未取包裹，待申請退回,,returning,物流商：UNIMARTC2C,見綠界物流貨態代碼表（developers.ecpay.com.tw/logistics_status/；各物流商代碼會不定時更新）
ecpay,2078,買家未取包裹，已退回物流中心,,returned,物流商：UNIMARTC2C,見綠界物流貨態代碼表（developers.ecpay.com.tw/logistics_status/；各物流商代碼會不定時更新）
ecpay,2079,買家未取貨退回物流中心-商品瑕疵(進物流中心),,returning,物流商：UNIMARTC2C,見綠界物流貨態代碼表（developers.ecpay.com.tw/logistics_status/；各物流商代碼會不定時更新）
ecpay,2080,買家未取貨退回物流中心-超材,,returning,物流商：UNIMARTC2C,見綠界物流貨態代碼表（developers.ecpay.com.tw/logistics_status/；各物流商代碼會不定時更新）
ecpay,2081,買家未取貨退回物流中心-違禁品(退貨及罰款處理),,returning,物流商：UNIMARTC2C,見綠界物流貨態代碼表（developers.ecpay.com.tw/logistics_status/；各物流商代碼會不定時更新）
ecpay,2082,買家未取貨退回物流中心-訂單資料重複上傳,,error,物流商：UNIMARTC2C,見綠界物流貨態代碼表（developers.ecpay.com.tw/logistics_status/；各物流商代碼會不定時更新）
ecpay,2083,買家未取貨退回物流中心-已過門市進貨日（未於指定時間內寄至物流中心),,returning,物流商：UNIMARTC2C,見綠界物流貨態代碼表（developers.ecpay.com.tw/logistics_status/；各物流商代碼會不定時更新）
ecpay,2084,買家未取貨退回物流中心-第一段標籤規格錯誤,,error,物流商：UNIMARTC2C,見綠界物流貨態代碼表（developers.ecpay.com.tw/logistics_status/；各物流商代碼會不定時更新）
ecpay,2085,買家未取貨退回物流中心-第一段標籤無法判讀,,error,物流商：UNIMARTC2C,見綠界物流貨態代碼表（developers.ecpay.com.tw/logistics_status/；各物流商代碼會不定時更新）
ecpay,2086,買家未取貨退回物流中心-第一段標籤資料錯誤,,error,物流商：UNIMARTC2C,見綠界物流貨態代碼表（developers.ecpay.com.tw/logistics_status/；各物流商代碼會不定時更新）
ecpay,2087,買家未取貨退回物流中心-物流中心理貨中,,returning,物流商：UNIMARTC2C,見綠界物流貨態代碼表（developers.ecpay.com.tw/logistics_status/；各物流商代碼會不定時更新）
ecpay,2088,買家未取貨退回物流中心-商品遺失,,error,物流商：UNIMARTC2C,見綠界物流貨態代碼表（developers.ecpay.com.tw/logistics_status/；各物流商代碼會不定時更新）
ecpay,2089,買家未取退回物流中心-門市指定不配送(六、日),,returning,物流商：UNIMARTC2C,見綠界物流貨態代碼表（developers.ecpay.com.tw/logistics_status/；各物流商代碼會不定時更新）
ecpay,2092,買家未取退回物流中心-門市關轉,,returning,物流商：UNIMARTC2C,見綠界物流貨態代碼表（developers.ecpay.com.tw/logistics_status/；各物流商代碼會不定時更新）
ecpay,2093,買家未取退回物流中心-爆量,,returning,物流商：UNIMARTC2C,見綠界物流貨態代碼表（developers.ecpay.com.tw/logistics_status/；各物流商代碼會不定時更新）
ecpay,2096,賣家未取包裹，待申請退回,,returning,物流商：UNIMARTC2C,見綠界物流貨態代碼表（developers.ecpay.com.tw/logistics_status/；各物流商代碼會不定時更新）
ecpay,2097,包裹宅配退回中,,returning,物流商：UNIMARTC2C,見綠界物流貨態代碼表（developers.ecpay.com.tw/logistics_status/；各物流商代碼會不定時更新）
ecpay,2099,包裹重新配達寄件門市,,at_store,物流商：UNIMARTC2C,見綠界物流貨態代碼表（developers.ecpay.com.tw/logistics_status/；各物流商代碼會不定時更新）
ecpay,2101,門市關轉店,,status,物流商：UNIMARTC2C、HILIFE、HILIFEC2C,見綠界物流貨態代碼表（developers.ecpay.com.tw/logistics_status/；各物流商代碼會不定時更新）
ecpay,2102,門市舊店號更新,,status,物流商：UNIMARTC2C、HILIFE、HILIFEC2C,見綠界物流貨態代碼表（developers.ecpay.com.tw/logistics_status/；各物流商代碼會不定時更新）
ecpay,2103,無取件門市資料,,status,物流商：UNIMARTC2C、HILIFE、HILIFEC2C,見綠界物流貨態代碼表（developers.ecpay.com.tw/logistics_status/；各物流商代碼會不定時更新）
ecpay,2104,門市關轉，請重選門市,,status,物流商：UNIMARTC2C、HILIFE、HILIFEC2C,見綠界物流貨態代碼表（developers.ecpay.com.tw/logistics_status/；各物流商代碼會不定時更新）
ecpay,2105,已申請門市變更,,status,物流商：UNIMARTC2C、FAMI、FAMIC2C、HILIFE、HILIFEC2C,見綠界物流貨態代碼表（developers.ecpay.com.tw/logistics_status/；各物流商代碼會不定時更新）
ecpay,7013,訂單超過驗收期限（賣家未出貨）,,status,物流商：UNIMARTC2C、FAMI、FAMIC2C、HILIFE、HILIFEC2C,見綠界物流貨態代碼表（developers.ecpay.com.tw/logistics_status/；各物流商代碼會不定時更新）
ecpay,7019,寄件包裹異常，協尋中,,error,物流商：UNIMARTC2C,見綠界物流貨態代碼表（developers.ecpay.com.tw/logistics_status/；各物流商代碼會不定時更新）
ecpay,7020,包裹遺失，進入賠償程序,,error,物流商：UNIMARTC2C,見綠界物流貨態代碼表（developers.ecpay.com.tw/logistics_status/；各物流商代碼會不定時更新）
ecpay,9999,訂單取消,,cancelled,物流商：UNIMARTC2C、HILIFE、HILIFEC2C,見綠界物流貨態代碼表（developers.ecpay.com.tw/logistics_status/；各物流商代碼會不定時更新）
ecpay,3018,包裹配達取件門市,,at_store,物流商：FAMI、FAMIC2C、HILIFE、HILIFEC2C,見綠界物流貨態代碼表（developers.ecpay.com.tw/logistics_status/；各物流商代碼會不定時更新）
ecpay,3019,包裹已退至原寄件門市,,returning,物流商：FAMI、FAMIC2C、HILIFE、HILIFEC2C,見綠界物流貨態代碼表（developers.ecpay.com.tw/logistics_status/；各物流商代碼會不定時更新）
ecpay,3020,買家未取包裹，將退回物流中心,,returning,物流商：FAMI、FAMIC2C、HILIFE、HILIFEC2C,見綠界物流貨態代碼表（developers.ecpay.com.tw/logistics_status/；各物流商代碼會不定時更新）
ecpay,3021,賣家未取包裹，待申請退回,,returning,物流商：FAMI、FAMIC2C、HILIFE、HILIFEC2C,見綠界物流貨態代碼表（developers.ecpay.com.tw/logistics_status/；各物流商代碼會不定時更新）
ecpay,3022,買家已到店取貨,,picked_up,物流商：FAMI、FAMIC2C、HILIFE、HILIFEC2C,見綠界物流貨態代碼表（developers.ecpay.com.tw/logistics_status/；各物流商代碼會不定時更新）
ecpay,3023,賣家已取退回包裹,,returned,物流商：FAMI、FAMIC2C、HILIFE、HILIFEC2C,見綠界物流貨態代碼表（developers.ecpay.com.tw/logistics_status/；各物流商代碼會不定時更新）
ecpay,3024,物流中心驗收成功,,status,物流商：FAMI、FAMIC2C、HILIFE、HILIFEC2C,見綠界物流貨態代碼表（developers.ecpay.com.tw/logistics_status/；各物流商代碼會不定時更新）
ecpay,3025,買家未取包裹，已退回物流中心,,returned,物流商：FAMI、FAMIC2C、HILIFE、HILIFEC2C,見綠界物流貨態代碼表（developers.ecpay.com.tw/logistics_status/；各物流商代碼會不定時更新）
ecpay,3029,包裹已配達指定取件門市,,picked_up,物流商：FAMI、FAMIC2C、HILIFE、HILIFEC2C,見綠界物流貨態代碼表（developers.ecpay.com.tw/logistics_status/；各物流商代碼會不定時更新）
ecpay,3031,包裹已退至指定寄件門市,,returning,物流商：FAMI、FAMIC2C、HILIFE、HILIFEC2C,見綠界物流貨態代碼表（developers.ecpay.com.tw/logistics_status/；各物流商代碼會不定時更新）
ecpay,3032,賣家已到門市寄件,,status,物流商：FAMI、FAMIC2C、HILIFE、HILIFEC2C,見綠界物流貨態代碼表（developers.ecpay.com.tw/logistics_status/；各物流商代碼會不定時更新）
ecpay,5009,包裹異常，請洽客服,,error,物流商：FAMI、FAMIC2C、HILIFE、HILIFEC2C,見綠界物流貨態代碼表（developers.ecpay.com.tw/logistics_status/；各物流商代碼會不定時更新）
ecpay,7006,包裹遺失，進入賠償程序,,error,物流商：FAMI、FAMIC2C、HILIFE、HILIFEC2C,見綠界物流貨態代碼表（developers.ecpay.com.tw/logistics_status/；各物流商代碼會不定時更新）
ecpay,7007,包裹遺失，進入賠償程序,,error,物流商：FAMI、FAMIC2C、HILIFE、HILIFEC2C,見綠界物流貨態代碼表（developers.ecpay.com.tw/logistics_status/；各物流商代碼會不定時更新）
ecpay,7008,包裹破損，請洽客服,,error,物流商：FAMI、FAMIC2C、HILIFE、HILIFEC2C,見綠界物流貨態代碼表（developers.ecpay.com.tw/logistics_status/；各物流商代碼會不定時更新）
ecpay,7009,包裝異常，請洽客服,,error,物流商：FAMI、FAMIC2C、HILIFE、HILIFEC2C,見綠界物流貨態代碼表（developers.ecpay.com.tw/logistics_status/；各物流商代碼會不定時更新）
ecpay,7010,包裝異常，請洽客服,,error,物流商：FAMI、FAMIC2C、HILIFE、HILIFEC2C,見綠界物流貨態代碼表（developers.ecpay.com.tw/logistics_status/；各物流商代碼會不定時更新）
ecpay,7011,取件門市關轉，請重選門市,,status,物流商：FAMI、FAMIC2C、HILIFE、HILIFEC2C,見綠界物流貨態代碼表（developers.ecpay.com.tw/logistics_status/；各物流商代碼會不定時更新）
ecpay,7012,條碼錯誤，廠退處理,,error,物流商：FAMI、FAMIC2C、HILIFE、HILIFEC2C,見綠界物流貨態代碼表（developers.ecpay.com.tw/logistics_status/；各物流商代碼會不定時更新）
ecpay,7014,等待賣家出貨,,status,物流商：FAMI、FAMIC2C、HILIFE、HILIFEC2C,見綠界物流貨態代碼表（developers.ecpay.com.tw/logistics_status/；各物流商代碼會不定時更新）
ecpay,7015,條碼重複，請洽客服,,error,物流商：FAMI、FAMIC2C,見綠界物流貨態代碼表（developers.ecpay.com.tw/logistics_status/；各物流商代碼會不定時更新）
ecpay,7016,包裹超材，退回賣家,,returning,物流商：FAMI、FAMIC2C、HILIFE、HILIFEC2C,見綠界物流貨態代碼表（developers.ecpay.com.tw/logistics_status/；各物流商代碼會不定時更新）
ecpay,7032,寄件門市關轉，請重選門市,,status,物流商：FAMI、FAMIC2C、HILIFE、HILIFEC2C,見綠界物流貨態代碼表（developers.ecpay.com.tw/logistics_status/；各物流商代碼會不定時更新）
ecpay,7033,資料異常,,error,物流商：FAMI,見綠界物流貨態代碼表（developers.ecpay.com.tw/logistics_status/；各物流商代碼會不定時更新）
ecpay,7034,貨物進店發生異常，請洽客服,,error,物流商：FAMI、FAMIC2C,見綠界物流貨態代碼表（developers.ecpay.com.tw/logistics_status/；各物流商代碼會不定時更新）
ecpay,7035,逾期未領，貨件銷毀,,status,物流商：FAMI、FAMIC2C,見綠界物流貨態代碼表（developers.ecpay.com.tw/logistics_status/；各物流商代碼會不定時更新）
ecpay,7036,貨件破損，請洽客服,,error,物流商：FAMI、FAMIC2C,見綠界物流貨態代碼表（developers.ecpay.com.tw/logistics_status/；各物流商代碼會不定時更新）
ecpay,7037,訂單上傳失敗,,error,物流商：FAMI,見綠界物流貨態代碼表（developers.ecpay.com.tw/logistics_status/；各物流商代碼會不定時更新）
ecpay,311,訂單傳送物流成功,,status,物流商：HILIFE、HILIFEC2C、TCAT,見綠界物流貨態代碼表（developers.ecpay.com.tw/logistics_status/；各物流商代碼會不定時更新）
ecpay,325,退貨訂單處理中(綠界已收到訂單資料),,returning,物流商：HILIFE、HILIFEC2C、TCAT,見綠界物流貨態代碼表（developers.ecpay.com.tw/logistics_status/；各物流商代碼會不定時更新）
ecpay,3033,EC客戶要求提早退貨,,returning,物流商：HILIFE、HILIFEC2C,見綠界物流貨態代碼表（developers.ecpay.com.tw/logistics_status/；各物流商代碼會不定時更新）
ecpay,5001,損壞，站所將協助退貨,,returning,物流商：HILIFE、HILIFEC2C、TCAT,見綠界物流貨態代碼表（developers.ecpay.com.tw/logistics_status/；各物流商代碼會不定時更新）
ecpay,5002,遺失,,error,物流商：HILIFE、HILIFEC2C、TCAT,見綠界物流貨態代碼表（developers.ecpay.com.tw/logistics_status/；各物流商代碼會不定時更新）
ecpay,5003,BASE列管(寄件人和收件人聯絡不到),,status,物流商：HILIFE、HILIFEC2C、TCAT,見綠界物流貨態代碼表（developers.ecpay.com.tw/logistics_status/；各物流商代碼會不定時更新）
ecpay,5004,[HILIFE、HILIFEC2C] 賣家未取包裹，待申請退回 / [TCAT] 一般單退回,,returning,物流商：HILIFE、HILIFEC2C、TCAT,見綠界物流貨態代碼表（developers.ecpay.com.tw/logistics_status/；各物流商代碼會不定時更新）
ecpay,5005,代收退貨,,returning,物流商：HILIFE、HILIFEC2C、TCAT,見綠界物流貨態代碼表（developers.ecpay.com.tw/logistics_status/；各物流商代碼會不定時更新）
ecpay,5006,代收毀損,,status,物流商：HILIFE、HILIFEC2C、TCAT,見綠界物流貨態代碼表（developers.ecpay.com.tw/logistics_status/；各物流商代碼會不定時更新）
ecpay,5007,代收遺失,,error,物流商：HILIFE、HILIFEC2C、TCAT,見綠界物流貨態代碼表（developers.ecpay.com.tw/logistics_status/；各物流商代碼會不定時更新）
ecpay,5008,退貨配完,,returning,物流商：HILIFE、HILIFEC2C、TCAT,見綠界物流貨態代碼表（developers.ecpay.com.tw/logistics_status/；各物流商代碼會不定時更新）
ecpay,7001,超大(通常發生於司機取件，不取件),,status,物流商：HILIFE、HILIFEC2C、TCAT,見綠界物流貨態代碼表（developers.ecpay.com.tw/logistics_status/；各物流商代碼會不定時更新）
ecpay,7002,超重(通常發生於司機取件，不取件),,status,物流商：HILIFE、HILIFEC2C、TCAT,見綠界物流貨態代碼表（developers.ecpay.com.tw/logistics_status/；各物流商代碼會不定時更新）
ecpay,7003,地址錯誤，聯繫收件人,,error,物流商：HILIFE、HILIFEC2C、TCAT,見綠界物流貨態代碼表（developers.ecpay.com.tw/logistics_status/；各物流商代碼會不定時更新）
ecpay,7004,航班延誤,,status,物流商：HILIFE、HILIFEC2C、TCAT,見綠界物流貨態代碼表（developers.ecpay.com.tw/logistics_status/；各物流商代碼會不定時更新）
ecpay,7005,託運單刪除,,status,物流商：HILIFE、HILIFEC2C、TCAT,見綠界物流貨態代碼表（developers.ecpay.com.tw/logistics_status/；各物流商代碼會不定時更新）
ecpay,9001,退貨已取,,returned,物流商：HILIFE、HILIFEC2C,見綠界物流貨態代碼表（developers.ecpay.com.tw/logistics_status/；各物流商代碼會不定時更新）
ecpay,9002,退貨已取,,returned,物流商：HILIFE、HILIFEC2C,見綠界物流貨態代碼表（developers.ecpay.com.tw/logistics_status/；各物流商代碼會不定時更新）
ecpay,3001,轉運中(即集貨),,status,物流商：TCAT,見綠界物流貨態代碼表（developers.ecpay.com.tw/logistics_status/；各物流商代碼會不定時更新）
ecpay,3002,不在家,,status,物流商：TCAT,見綠界物流貨態代碼表（developers.ecpay.com.tw/logistics_status/；各物流商代碼會不定時更新）
ecpay,3003,配完,,status,物流商：TCAT,見綠界物流貨態代碼表（developers.ecpay.com.tw/logistics_status/；各物流商代碼會不定時更新）
ecpay,3004,送錯BASE (送錯營業所),,status,物流商：TCAT,見綠界物流貨態代碼表（developers.ecpay.com.tw/logistics_status/；各物流商代碼會不定時更新）
ecpay,3005,送錯CENTER(送錯轉運中心),,status,物流商：TCAT,見綠界物流貨態代碼表（developers.ecpay.com.tw/logistics_status/；各物流商代碼會不定時更新）
ecpay,3006,配送中,,status,物流商：TCAT,見綠界物流貨態代碼表（developers.ecpay.com.tw/logistics_status/；各物流商代碼會不定時更新）
ecpay,3007,公司行號休息,,status,物流商：TCAT,見綠界物流貨態代碼表（developers.ecpay.com.tw/logistics_status/；各物流商代碼會不定時更新）
ecpay,3008,地址錯誤，聯繫收件人,,error,物流商：TCAT,見綠界物流貨態代碼表（developers.ecpay.com.tw/logistics_status/；各物流商代碼會不定時更新）
ecpay,3009,搬家,,status,物流商：TCAT,見綠界物流貨態代碼表（developers.ecpay.com.tw/logistics_status/；各物流商代碼會不定時更新）
ecpay,3010,轉寄(如原本寄到A，改寄B),,status,物流商：TCAT,見綠界物流貨態代碼表（developers.ecpay.com.tw/logistics_status/；各物流商代碼會不定時更新）
ecpay,3011,暫置營業所(收件人要求至營業所取貨),,status,物流商：TCAT,見綠界物流貨態代碼表（developers.ecpay.com.tw/logistics_status/；各物流商代碼會不定時更新）
ecpay,3012,到所(收件人要求到站所取件),,status,物流商：TCAT,見綠界物流貨態代碼表（developers.ecpay.com.tw/logistics_status/；各物流商代碼會不定時更新）
ecpay,3013,當配下車(當日配送A至B營業所，已抵達B營業所),,status,物流商：TCAT,見綠界物流貨態代碼表（developers.ecpay.com.tw/logistics_status/；各物流商代碼會不定時更新）
ecpay,3014,當配上車(當日配送從A至B營業所，已抵達A營業所),,status,物流商：TCAT,見綠界物流貨態代碼表（developers.ecpay.com.tw/logistics_status/；各物流商代碼會不定時更新）
ecpay,3015,空運配送中,,status,物流商：TCAT,見綠界物流貨態代碼表（developers.ecpay.com.tw/logistics_status/；各物流商代碼會不定時更新）
ecpay,3016,配完狀態刪除,,status,物流商：TCAT,見綠界物流貨態代碼表（developers.ecpay.com.tw/logistics_status/；各物流商代碼會不定時更新）
ecpay,3017,退回狀態刪除(代收退貨刪除),,returning,物流商：TCAT,見綠界物流貨態代碼表（developers.ecpay.com.tw/logistics_status/；各物流商代碼會不定時更新）
ecpay,3117,拒收(調查處理中),,error,物流商：TCAT,見綠界物流貨態代碼表（developers.ecpay.com.tw/logistics_status/；各物流商代碼會不定時更新）
ecpay,3118,暫置營業所,,status,物流商：TCAT,見綠界物流貨態代碼表（developers.ecpay.com.tw/logistics_status/；各物流商代碼會不定時更新）
ecpay,3119,暫置營業所(假日暫置),,status,物流商：TCAT,見綠界物流貨態代碼表（developers.ecpay.com.tw/logistics_status/；各物流商代碼會不定時更新）
ecpay,3120,預備配送中,,status,物流商：TCAT,見綠界物流貨態代碼表（developers.ecpay.com.tw/logistics_status/；各物流商代碼會不定時更新）
ecpay,3121,轉交門市配達,,at_store,物流商：TCAT,見綠界物流貨態代碼表（developers.ecpay.com.tw/logistics_status/；各物流商代碼會不定時更新）
ecpay,3122,另約時間,,status,物流商：TCAT,見綠界物流貨態代碼表（developers.ecpay.com.tw/logistics_status/；各物流商代碼會不定時更新）
ecpay,3123,逾期未取，門市刷退,,returning,物流商：TCAT,見綠界物流貨態代碼表（developers.ecpay.com.tw/logistics_status/；各物流商代碼會不定時更新）
ecpay,3124,退貨包裹待司機取回,,returning,物流商：TCAT,見綠界物流貨態代碼表（developers.ecpay.com.tw/logistics_status/；各物流商代碼會不定時更新）
ecpay,3125,司機已到門市取回,,status,物流商：TCAT,見綠界物流貨態代碼表（developers.ecpay.com.tw/logistics_status/；各物流商代碼會不定時更新）
ecpay,7024,另約時間,,status,物流商：TCAT,見綠界物流貨態代碼表（developers.ecpay.com.tw/logistics_status/；各物流商代碼會不定時更新）
ecpay,7025,電聯不上,,status,物流商：TCAT,見綠界物流貨態代碼表（developers.ecpay.com.tw/logistics_status/；各物流商代碼會不定時更新）
ecpay,7026,資料有誤,,status,物流商：TCAT,見綠界物流貨態代碼表（developers.ecpay.com.tw/logistics_status/；各物流商代碼會不定時更新）
ecpay,7027,無件可退,,returning,物流商：TCAT,見綠界物流貨態代碼表（developers.ecpay.com.tw/logistics_status/；各物流商代碼會不定時更新）
ecpay,7028,超大超重,,status,物流商：TCAT,見綠界物流貨態代碼表（developers.ecpay.com.tw/logistics_status/；各物流商代碼會不定時更新）
ecpay,7029,已回收,,status,物流商：TCAT,見綠界物流貨態代碼表（developers.ecpay.com.tw/logistics_status/；各物流商代碼會不定時更新）
ecpay,7030,別家收走,,status,物流商：TCAT,見綠界物流貨態代碼表（developers.ecpay.com.tw/logistics_status/；各物流商代碼會不定時更新）
ecpay,7031,商品未到,,status,物流商：TCAT,見綠界物流貨態代碼表（developers.ecpay.com.tw/logistics_status/；各物流商代碼會不定時更新）
ecpay,3301,交寄郵件,,status,物流商：POST,見綠界物流貨態代碼表（developers.ecpay.com.tw/logistics_status/；各物流商代碼會不定時更新）
ecpay,3302,各區郵局招領中,,status,物流商：POST,見綠界物流貨態代碼表（developers.ecpay.com.tw/logistics_status/；各物流商代碼會不定時更新）
ecpay,3303,投遞不成功,,status,物流商：POST,見綠界物流貨態代碼表（developers.ecpay.com.tw/logistics_status/；各物流商代碼會不定時更新）
ecpay,3304,依寄件人指示銷毀,,status,物流商：POST,見綠界物流貨態代碼表（developers.ecpay.com.tw/logistics_status/；各物流商代碼會不定時更新）
ecpay,3305,拒收,,error,物流商：POST,見綠界物流貨態代碼表（developers.ecpay.com.tw/logistics_status/；各物流商代碼會不定時更新）
ecpay,3306,退回投遞不成功,,returning,物流商：POST,見綠界物流貨態代碼表（developers.ecpay.com.tw/logistics_status/；各物流商代碼會不定時更新）
ecpay,3307,i郵箱取件成功,,status,物流商：POST,見綠界物流貨態代碼表（developers.ecpay.com.tw/logistics_status/；各物流商代碼會不定時更新）
ecpay,3308,投遞成功,,status,物流商：POST,見綠界物流貨態代碼表（developers.ecpay.com.tw/logistics_status/；各物流商代碼會不定時更新）
ecpay,3309,投遞成功(收受人領取),,status,物流商：POST,見綠界物流貨態代碼表（developers.ecpay.com.tw/logistics_status/；各物流商代碼會不定時更新）
ecpay,3310,已退回寄件人,,returned,物流商：POST,見綠界物流貨態代碼表（developers.ecpay.com.tw/logistics_status/；各物流商代碼會不定時更新）
ecpay,3311,退回郵件投遞中,,returning,物流商：POST,見綠界物流貨態代碼表（developers.ecpay.com.tw/logistics_status/；各物流商代碼會不定時更新）
ecpay,3312,貨件投遞中,,status,物流商：POST,見綠界物流貨態代碼表（developers.ecpay.com.tw/logistics_status/；各物流商代碼會不定時更新）
ecpay,3313,郵局貨件運轉中,,status,物流商：POST,見綠界物流貨態代碼表（developers.ecpay.com.tw/logistics_status/；各物流商代碼會不定時更新）
ecpay,3314,到達i郵箱,,status,物流商：POST,見綠界物流貨態代碼表（developers.ecpay.com.tw/logistics_status/；各物流商代碼會不定時更新）
ecpay,3315,i郵箱逾期退招領,,returning,物流商：POST,見綠界物流貨態代碼表（developers.ecpay.com.tw/logistics_status/；各物流商代碼會不定時更新）
ecpay,7300,郵局接收資料異常,,error,物流商：POST,見綠界物流貨態代碼表（developers.ecpay.com.tw/logistics_status/；各物流商代碼會不定時更新）
ecpay,7301,郵件破損 - 無法投遞,,error,物流商：POST,見綠界物流貨態代碼表（developers.ecpay.com.tw/logistics_status/；各物流商代碼會不定時更新）
ecpay,7302,郵件遺失,,error,物流商：POST,見綠界物流貨態代碼表（developers.ecpay.com.tw/logistics_status/；各物流商代碼會不定時更新）
ecpay,320,郵局已確認資料，可列印,,status,物流商：POST,見綠界物流貨態代碼表（developers.ecpay.com.tw/logistics_status/；各物流商代碼會不定時更新）
newebpay,SUCCESS,成功,,success,API 回應代碼（NDNS 1.0.0 附錄一）,
newebpay,1101,新增物流訂單失敗,,error,API 回應代碼（NDNS 1.0.0 附錄一）,
newebpay,1102,查無合作商店,,error,API 回應代碼（NDNS 1.0.0 附錄一）,
newebpay,1103,已存在相同的商店訂單編號,,error,API 回應代碼（NDNS 1.0.0 附錄一）,
newebpay,1104,無啟用對應物流商服務,,error,API 回應代碼（NDNS 1.0.0 附錄一）,
newebpay,1105,門市資訊有誤或空白,,error,API 回應代碼（NDNS 1.0.0 附錄一）,
newebpay,1106,不允許 IP,,error,API 回應代碼（NDNS 1.0.0 附錄一）,
newebpay,1107,查無金流訂單資料,,error,API 回應代碼（NDNS 1.0.0 附錄一）,
newebpay,1108,系統異常，無法查詢物流訂單資料,,error,API 回應代碼（NDNS 1.0.0 附錄一）,
newebpay,1109,查無物流訂單資料,,error,API 回應代碼（NDNS 1.0.0 附錄一）,
newebpay,1110,系統異常，無法修改物流訂單資料,,error,API 回應代碼（NDNS 1.0.0 附錄一）,
newebpay,1111,該筆物流單狀態已無法修改內容,,error,API 回應代碼（NDNS 1.0.0 附錄一）,
newebpay,1112,修改物流單失敗,,error,API 回應代碼（NDNS 1.0.0 附錄一）,
newebpay,1113,系統異常，無法查詢物流貨態歷程資料,,error,API 回應代碼（NDNS 1.0.0 附錄一）,
newebpay,1114,預付費用餘額不足,,error,API 回應代碼（NDNS 1.0.0 附錄一）,
newebpay,1115,取寄貨單號失敗,,error,API 回應代碼（NDNS 1.0.0 附錄一）,
newebpay,1116,該交易已建立寄貨單資訊,,error,API 回應代碼（NDNS 1.0.0 附錄一）,
newebpay,2100,資料格式錯誤,,error,API 回應代碼（NDNS 1.0.0 附錄一）,
newebpay,2101,版本錯誤,,error,API 回應代碼（NDNS 1.0.0 附錄一）,
newebpay,2102,UID_ 不可為空,,error,API 回應代碼（NDNS 1.0.0 附錄一）,
newebpay,2103,超商取貨付款的金額限 20000 元內,,error,API 回應代碼（NDNS 1.0.0 附錄一）,
newebpay,2104,超商取貨不付款的金額限 20000 元內,,error,API 回應代碼（NDNS 1.0.0 附錄一）,
newebpay,2105,一次最多僅能取得 10 筆寄貨單號,,error,API 回應代碼（NDNS 1.0.0 附錄一）,
newebpay,2106,7-ELEVEN 一次最多僅能列印 18 筆標籤 全家一次最多僅能列印 8 筆標籤 萊爾富一次最多僅能列印 18 筆標籤 OK mart 一次最多僅能列印 18 筆標籤,,error,API 回應代碼（NDNS 1.0.0 附錄一）,
newebpay,4101,IP 限制使用,,error,API 回應代碼（NDNS 1.0.0 附錄一）,
newebpay,4103,HashData_資料檢查不符合,,error,API 回應代碼（NDNS 1.0.0 附錄一）,
newebpay,4104,加密資料有誤，請確認 Hash_Key 與 Hash_IV 是否正確,,error,API 回應代碼（NDNS 1.0.0 附錄一）,
newebpay,0_1,訂單未處理,,pending,RetId 貨態代碼，官方分類：待處理（NDNS 1.0.0 附錄二）,
newebpay,0_2,物流單號已過期，請重新取號,,pending,RetId 貨態代碼，官方分類：待處理（NDNS 1.0.0 附錄二）,
newebpay,0_3,取消出貨,,pending,RetId 貨態代碼，官方分類：待處理（NDNS 1.0.0 附錄二）,
newebpay,1,訂單處理中,,pending,RetId 貨態代碼，官方分類：處理中（NDNS 1.0.0 附錄二）,
newebpay,2,超商已收件,,in_transit,RetId 貨態代碼，官方分類：運送中（NDNS 1.0.0 附錄二）,
newebpay,3,已重選門市，等待物流重新出貨,,in_transit,RetId 貨態代碼，官方分類：運送中（NDNS 1.0.0 附錄二）,
newebpay,4,商品已進物流中心驗收完成,,in_transit,RetId 貨態代碼，官方分類：運送中（NDNS 1.0.0 附錄二）,
newebpay,11,取貨門市關店，請重新選取,,in_transit,RetId 貨態代碼，官方分類：運送中（NDNS 1.0.0 附錄二）,
newebpay,5,商品送達取貨門市,,at_store,RetId 貨態代碼，官方分類：待取貨（NDNS 1.0.0 附錄二）,
newebpay,6,買家取貨完成,,completed,RetId 貨態代碼，官方分類：已完成（NDNS 1.0.0 附錄二）,
newebpay,-1,商品已退回廠商,,completed,RetId 貨態代碼，官方分類：已完成（NDNS 1.0.0 附錄二）,
newebpay,-6,已申請宅配退貨,,completed,RetId 貨態代碼，官方分類：已完成（NDNS 1.0.0 附錄二）,
newebpay,-9,物流驗收異常等待回覆,,completed,RetId 貨態代碼，官方分類：已完成（NDNS 1.0.0 附錄二）,
newebpay,-2,商品送達原寄件(指定退貨)門市,,returning,RetId 貨態代碼，官方分類：退貨/賠償（NDNS 1.0.0 附錄二）,
newebpay,-3,商品退回物流中心驗收完成,,returning,RetId 貨態代碼，官方分類：退貨/賠償（NDNS 1.0.0 附錄二）,
newebpay,-4,商品退往物流中心(買家未取),,returning,RetId 貨態代碼，官方分類：退貨/賠償（NDNS 1.0.0 附錄二）,
newebpay,-5,商品即將退回(買家未取),,returning,RetId 貨態代碼，官方分類：退貨/賠償（NDNS 1.0.0 附錄二）,
newebpay,-7,已同意/申請異常判賠,,returning,RetId 貨態代碼，官方分類：退貨/賠償（NDNS 1.0.0 附錄二）,
newebpay,-10,商品已銷毀/拋棄,,returning,RetId 貨態代碼，官方分類：退貨/賠償（NDNS 1.0.0 附錄二）,
newebpay,-11,商品已銷毀/拋棄,,returning,RetId 貨態代碼，官方分類：退貨/賠償（NDNS 1.0.0 附錄二）,
newebpay,10,商品即將退回,,returning,RetId 貨態代碼，官方分類：退貨/賠償（NDNS 1.0.0 附錄二）,
newebpay,12,退貨門市關店，請重新選取,,returning,RetId 貨態代碼，官方分類：退貨/賠償（NDNS 1.0.0 附錄二）,
newebpay,13,商品退往物流中心(賣家未取),,returning,RetId 貨態代碼，官方分類：退貨/賠償（NDNS 1.0.0 附錄二）,
newebpay,14,請申請宅配退貨,,returning,RetId 貨態代碼，官方分類：退貨/賠償（NDNS 1.0.0 附錄二）,
newebpay,15,商品已銷毀/拋棄,,returning,RetId 貨態代碼，官方分類：退貨/賠償（NDNS 1.0.0 附錄二）,
newebpay,16,請確認匯款帳號,,returning,RetId 貨態代碼，官方分類：退貨/賠償（NDNS 1.0.0 附錄二）,
payuni,91,未處理,,pending,尚未取得出貨單編號,物流貨態狀態碼（docs.payuni.com.tw/web/#/7/120）
payuni,92,處理中,,pending,僅超商物流有此貨態；出貨單編號傳送至上游物流服務廠商確認中,物流貨態狀態碼（docs.payuni.com.tw/web/#/7/120）
payuni,98,處理中(已接收),,pending,僅超商物流-大宗寄倉有此貨態；已配出貨單編號，待傳送至物流中心,物流貨態狀態碼（docs.payuni.com.tw/web/#/7/120）
payuni,21,待出貨,,pending,等待商店出貨,物流貨態狀態碼（docs.payuni.com.tw/web/#/7/120）
payuni,22,物流驗收,,in_transit,僅超商物流有此貨態；物流中心驗收中,物流貨態狀態碼（docs.payuni.com.tw/web/#/7/120）
payuni,31,配送中,,in_transit,安排出貨中；(超商物流有可能於此貨態階段發生門市關轉，需要重選門市的狀況),物流貨態狀態碼（docs.payuni.com.tw/web/#/7/120）
payuni,32,待取貨,,at_store,僅超商物流有此貨態；包裹配達門市(PPS101)；包裹補配達門市(PPS102)；包裹今日23:59後將退回物流中心,物流貨態狀態碼（docs.payuni.com.tw/web/#/7/120）
payuni,33,異常訂單,,error,配送過程異常,物流貨態狀態碼（docs.payuni.com.tw/web/#/7/120）
payuni,11,已取貨,,picked_up,消費者已取貨,物流貨態狀態碼（docs.payuni.com.tw/web/#/7/120）
payuni,41,已取消,,cancelled,訂單已被商店取消,物流貨態狀態碼（docs.payuni.com.tw/web/#/7/120）
payuni,43,賠償訂單,,error,物流中心/黑貓宅配確認賠償訂單產生,物流貨態狀態碼（docs.payuni.com.tw/web/#/7/120）
payuni,44,包裹遺失,,error,超商門市/物流中心將包裹弄丟，經18天協尋後無法找到包裹，後續將走遺失賠償流程,物流貨態狀態碼（docs.payuni.com.tw/web/#/7/120）
payuni,46,包裹拋棄,,returned,僅超商物流-店到店有此貨態；賣家未取包裹退回物流中心暫時保管後，商店未於期限內提供宅配收件資料，物流中心依流程將逾期未轉宅配退回包裹拋棄處理。,物流貨態狀態碼（docs.payuni.com.tw/web/#/7/120）
payuni,51,一般退貨,,returning,退貨便/黑貓退貨,物流貨態狀態碼（docs.payuni.com.tw/web/#/7/120）
payuni,52,買家未取,,returning,因買家超過取貨期限未取件，產生退貨(取貨期限請以買家實際收到簡訊截止日為準,物流貨態狀態碼（docs.payuni.com.tw/web/#/7/120）
payuni,53,廠退,,returning,僅超商物流有此貨態；包裹退回物流中心/黑貓集貨所,物流貨態狀態碼（docs.payuni.com.tw/web/#/7/120）
payuni,55,賣家未取,,returning,僅超商物流-店到店有此貨態；買家未取包裹配達退貨門市後，商店未於期限內至退貨門市領取包裹。,物流貨態狀態碼（docs.payuni.com.tw/web/#/7/120）
payuni,56,已轉宅配退回,,returning,僅超商物流-店到店有此貨態；商店提供宅配收件資料後，物流中心將賣家未取包裹交付黑貓宅配退回指定收件地址(運費貨到付款)。,物流貨態狀態碼（docs.payuni.com.tw/web/#/7/120）
payuni,81,門市關轉,,status,取件/退貨(僅C2C)門市因門市裝修、搬遷、改店號等狀況導致門市暫歇，需要在期限內重新選擇其他可以配達的門市,物流貨態狀態碼（docs.payuni.com.tw/web/#/7/120）
payuni,82,待轉宅配退回,,returning,僅超商物流-店到店有此貨態；賣家未取包裹退回物流中心暫時保管後，PAYUNi將寄發通知信給商店，提醒商店於保管期限內提供宅配收件資料，收取退回包裹。,物流貨態狀態碼（docs.payuni.com.tw/web/#/7/120）
payuni,API00001,API程式不存在,,error,物流 API 錯誤代碼（docs.payuni.com.tw/web/#/7/119）,
payuni,API00002,無API類型,,error,物流 API 錯誤代碼（docs.payuni.com.tw/web/#/7/119）,
payuni,API00003,無API版本號,,error,物流 API 錯誤代碼（docs.payuni.com.tw/web/#/7/119）,
payuni,API00004,未有交易Token,,error,物流 API 錯誤代碼（docs.payuni.com.tw/web/#/7/119）,
payuni,API00005,未有加密資料(EncryptInfo),,error,物流 API 錯誤代碼（docs.payuni.com.tw/web/#/7/119）,
payuni,API00006,未有Hash資料(HashInfo),,error,物流 API 錯誤代碼（docs.payuni.com.tw/web/#/7/119）,
payuni,API00007,Token已失效,,error,物流 API 錯誤代碼（docs.payuni.com.tw/web/#/7/119）,
payuni,API00008,門市地圖等待過久，已失效,,error,物流 API 錯誤代碼（docs.payuni.com.tw/web/#/7/119）,
payuni,API00009,系統發生錯誤，請聯絡客服,,error,物流 API 錯誤代碼（docs.payuni.com.tw/web/#/7/119）,
payuni,HOME01001,未有商店代號,,error,物流 API 錯誤代碼（docs.payuni.com.tw/web/#/7/119）,
payuni,HOME01002,資料HASH比對不符合,,error,物流 API 錯誤代碼（docs.payuni.com.tw/web/#/7/119）,
payuni,HOME01003,資料解密失敗,,error,物流 API 錯誤代碼（docs.payuni.com.tw/web/#/7/119）,
payuni,HOME01004,解密資料不存在,,error,物流 API 錯誤代碼（docs.payuni.com.tw/web/#/7/119）,
payuni,HOME01005,查無符合商店資料,,error,物流 API 錯誤代碼（docs.payuni.com.tw/web/#/7/119）,
payuni,HOME01006,未有商店代號,,error,物流 API 錯誤代碼（docs.payuni.com.tw/web/#/7/119）,
payuni,HOME01007,未有時間戳記,,error,物流 API 錯誤代碼（docs.payuni.com.tw/web/#/7/119）,
payuni,HOME01008,時間戳記，僅可輸入整數,,error,物流 API 錯誤代碼（docs.payuni.com.tw/web/#/7/119）,
payuni,HOME01009,時間戳記，已過期,,error,物流 API 錯誤代碼（docs.payuni.com.tw/web/#/7/119）,
payuni,HOME01010,未有物流別,,error,物流 API 錯誤代碼（docs.payuni.com.tw/web/#/7/119）,
payuni,HOME01011,無法辨識的物流別,,error,物流 API 錯誤代碼（docs.payuni.com.tw/web/#/7/119）,
payuni,HOME01012,未有通路別,,error,物流 API 錯誤代碼（docs.payuni.com.tw/web/#/7/119）,
payuni,HOME01013,無法辨識的通路別,,error,物流 API 錯誤代碼（docs.payuni.com.tw/web/#/7/119）,
payuni,HOME01014,未有寄件人姓名,,error,物流 API 錯誤代碼（docs.payuni.com.tw/web/#/7/119）,
payuni,HOME01015,寄件人姓名長度超過限制,,error,物流 API 錯誤代碼（docs.payuni.com.tw/web/#/7/119）,
payuni,HOME01016,寄件人電話區碼格式有誤,,error,物流 API 錯誤代碼（docs.payuni.com.tw/web/#/7/119）,
payuni,HOME01017,寄件人電話區碼長度超過限制,,error,物流 API 錯誤代碼（docs.payuni.com.tw/web/#/7/119）,
payuni,HOME01018,寄件人電話格式有誤,,error,物流 API 錯誤代碼（docs.payuni.com.tw/web/#/7/119）,
payuni,HOME01019,寄件人電話號碼長度超過限制,,error,物流 API 錯誤代碼（docs.payuni.com.tw/web/#/7/119）,
payuni,HOME01020,寄件人手機號碼格式有誤,,error,物流 API 錯誤代碼（docs.payuni.com.tw/web/#/7/119）,
payuni,HOME01021,未有寄件人地址,,error,物流 API 錯誤代碼（docs.payuni.com.tw/web/#/7/119）,
payuni,HOME01022,未有販賣商品類別代碼,,error,物流 API 錯誤代碼（docs.payuni.com.tw/web/#/7/119）,
payuni,HOME01023,無法辨識的販賣商品類別代碼,,error,物流 API 錯誤代碼（docs.payuni.com.tw/web/#/7/119）,
payuni,HOME01024,電話或手機號碼需二擇一輸入,,error,物流 API 錯誤代碼（docs.payuni.com.tw/web/#/7/119）,
payuni,HOME01025,寄件人地址驗證失敗(郵號),,error,物流 API 錯誤代碼（docs.payuni.com.tw/web/#/7/119）,
payuni,HOME01026,未有寄件人地址郵遞區號,,error,物流 API 錯誤代碼（docs.payuni.com.tw/web/#/7/119）,
payuni,HOME01027,寄件人地址郵遞區號應為3碼長度,,error,物流 API 錯誤代碼（docs.payuni.com.tw/web/#/7/119）,
payuni,HOME01028,寄件人地址郵遞區號格式有誤,,error,物流 API 錯誤代碼（docs.payuni.com.tw/web/#/7/119）,
payuni,HOME01029,無法驗證(地址)郵遞區號,,error,物流 API 錯誤代碼（docs.payuni.com.tw/web/#/7/119）,
payuni,HOME01030,未有商店自訂編號,,error,物流 API 錯誤代碼（docs.payuni.com.tw/web/#/7/119）,
payuni,HOME01031,商店自訂編號長度超過限制,,error,物流 API 錯誤代碼（docs.payuni.com.tw/web/#/7/119）,
payuni,HOME01032,商店自訂編號格式有誤,,error,物流 API 錯誤代碼（docs.payuni.com.tw/web/#/7/119）,
payuni,HOME01033,未有訂單金額,,error,物流 API 錯誤代碼（docs.payuni.com.tw/web/#/7/119）,
payuni,HOME01034,訂單金額，僅可輸入整數,,error,物流 API 錯誤代碼（docs.payuni.com.tw/web/#/7/119）,
payuni,HOME01035,訂單金額，格式錯誤(30~20000),,error,物流 API 錯誤代碼（docs.payuni.com.tw/web/#/7/119）,
payuni,HOME01036,未有寄件溫層型態,,error,物流 API 錯誤代碼（docs.payuni.com.tw/web/#/7/119）,
payuni,HOME01037,無法辨識的寄件溫層型態,,error,物流 API 錯誤代碼（docs.payuni.com.tw/web/#/7/119）,
payuni,HOME01038,未有取貨後付款方式,,error,物流 API 錯誤代碼（docs.payuni.com.tw/web/#/7/119）,
payuni,HOME01039,無法辨識的取貨後付款方式,,error,物流 API 錯誤代碼（docs.payuni.com.tw/web/#/7/119）,
payuni,HOME01040,未有收件人姓名,,error,物流 API 錯誤代碼（docs.payuni.com.tw/web/#/7/119）,
payuni,HOME01041,未有收件人電子信箱,,error,物流 API 錯誤代碼（docs.payuni.com.tw/web/#/7/119）,
payuni,HOME01042,收件人電子信箱格式錯誤,,error,物流 API 錯誤代碼（docs.payuni.com.tw/web/#/7/119）,
payuni,HOME01043,未有收件人手機號碼,,error,物流 API 錯誤代碼（docs.payuni.com.tw/web/#/7/119）,
payuni,HOME01044,手機號碼格式錯誤(09開頭),,error,物流 API 錯誤代碼（docs.payuni.com.tw/web/#/7/119）,
payuni,HOME01045,收件人電話區碼長度超過限制,,error,物流 API 錯誤代碼（docs.payuni.com.tw/web/#/7/119）,
payuni,HOME01046,收件人電話區碼格式錯誤,,error,物流 API 錯誤代碼（docs.payuni.com.tw/web/#/7/119）,
payuni,HOME01047,收件人電話長度超過限制,,error,物流 API 錯誤代碼（docs.payuni.com.tw/web/#/7/119）,
payuni,HOME01048,收件人電話格式錯誤,,error,物流 API 錯誤代碼（docs.payuni.com.tw/web/#/7/119）,
payuni,HOME01049,未有收件人地址,,error,物流 API 錯誤代碼（docs.payuni.com.tw/web/#/7/119）,
payuni,HOME01050,收件人地址長度超過限制,,error,物流 API 錯誤代碼（docs.payuni.com.tw/web/#/7/119）,
payuni,HOME01051,未有希望配達時間代碼,,error,物流 API 錯誤代碼（docs.payuni.com.tw/web/#/7/119）,
payuni,HOME01052,無法辨識的希望配達時間代碼,,error,物流 API 錯誤代碼（docs.payuni.com.tw/web/#/7/119）,
payuni,HOME01053,未有商品名稱,,error,物流 API 錯誤代碼（docs.payuni.com.tw/web/#/7/119）,
payuni,HOME01054,商品名稱長度超過限制,,error,物流 API 錯誤代碼（docs.payuni.com.tw/web/#/7/119）,
payuni,HOME01055,備註長度超過限制,,error,物流 API 錯誤代碼（docs.payuni.com.tw/web/#/7/119）,
payuni,HOME01056,寄送信箱格式錯誤,,error,物流 API 錯誤代碼（docs.payuni.com.tw/web/#/7/119）,
payuni,HOME01057,GrantExport參數值錯誤,,error,物流 API 錯誤代碼（docs.payuni.com.tw/web/#/7/119）,
payuni,HOME01058,商品名稱不可含有禁用字眼,,error,物流 API 錯誤代碼（docs.payuni.com.tw/web/#/7/119）,
payuni,HOME01059,查無符合商店宅配設定資料,,error,物流 API 錯誤代碼（docs.payuni.com.tw/web/#/7/119）,
payuni,HOME01060,商店宅配服務尚未開通,,error,物流 API 錯誤代碼（docs.payuni.com.tw/web/#/7/119）,
payuni,HOME01061,商店未啟用宅配物流服務,,error,物流 API 錯誤代碼（docs.payuni.com.tw/web/#/7/119）,
payuni,HOME01062,商店未啟用,,error,物流 API 錯誤代碼（docs.payuni.com.tw/web/#/7/119）,
payuni,HOME01063,未有代理商幕後相關設定,,error,物流 API 錯誤代碼（docs.payuni.com.tw/web/#/7/119）,
payuni,HOME01064,商店未提供宅配幕後交易,,error,物流 API 錯誤代碼（docs.payuni.com.tw/web/#/7/119）,
payuni,HOME01065,不提供此IP幕後交易,,error,物流 API 錯誤代碼（docs.payuni.com.tw/web/#/7/119）,
payuni,HOME01066,代理商未開啟撥款指示功能,,error,物流 API 錯誤代碼（docs.payuni.com.tw/web/#/7/119）,
payuni,HOME01067,商店未有設定AesType,,error,物流 API 錯誤代碼（docs.payuni.com.tw/web/#/7/119）,
payuni,HOME01068,商店AesType不符合,,error,物流 API 錯誤代碼（docs.payuni.com.tw/web/#/7/119）,
payuni,HOME01069,商店宅配寄件地址無法辨識,,error,物流 API 錯誤代碼（docs.payuni.com.tw/web/#/7/119）,
payuni,HOME01070,未有UNi序號,,error,物流 API 錯誤代碼（docs.payuni.com.tw/web/#/7/119）,
payuni,HOME01071,未有UNi物流序號,,error,物流 API 錯誤代碼（docs.payuni.com.tw/web/#/7/119）,
payuni,HOME01072,未有出貨日期,,error,物流 API 錯誤代碼（docs.payuni.com.tw/web/#/7/119）,
payuni,HOME01073,出貨日期格式有誤，應為日期格式,,error,物流 API 錯誤代碼（docs.payuni.com.tw/web/#/7/119）,
payuni,HOME01074,出貨日期為無效日期，請重新確認,,error,物流 API 錯誤代碼（docs.payuni.com.tw/web/#/7/119）,
payuni,HOME01075,未有希望配達日期,,error,物流 API 錯誤代碼（docs.payuni.com.tw/web/#/7/119）,
payuni,HOME01076,希望配達日期格式有誤，應為日期格式,,error,物流 API 錯誤代碼（docs.payuni.com.tw/web/#/7/119）,
payuni,HOME01077,未有規格代碼,,error,物流 API 錯誤代碼（docs.payuni.com.tw/web/#/7/119）,
payuni,HOME01078,無法辨識的規格代碼,,error,物流 API 錯誤代碼（docs.payuni.com.tw/web/#/7/119）,
payuni,HOME01079,無法辨識是否要隱藏商品名稱,,error,物流 API 錯誤代碼（docs.payuni.com.tw/web/#/7/119）,
payuni,HOME01080,已超過可列印宅配訂單的上限,,error,物流 API 錯誤代碼（docs.payuni.com.tw/web/#/7/119）,
payuni,HOME01081,驗證黑貓宅配訂單皆無符合列印出貨單條件,,error,物流 API 錯誤代碼（docs.payuni.com.tw/web/#/7/119）,
payuni,HOME01082,訂單資料尚在處理中，請稍後再列印,,error,物流 API 錯誤代碼（docs.payuni.com.tw/web/#/7/119）,
payuni,HOME01083,希望配達日期為無效日期(須大於出貨日期),,error,物流 API 錯誤代碼（docs.payuni.com.tw/web/#/7/119）,
payuni,HOME01084,商店宅配設定寄件人資料設定不完整,,error,物流 API 錯誤代碼（docs.payuni.com.tw/web/#/7/119）,
payuni,HOME01085,商店宅配設定客戶代碼相關資料設定不完整,,error,物流 API 錯誤代碼（docs.payuni.com.tw/web/#/7/119）,
payuni,HOME01086,託運單列印類別有誤,,error,物流 API 錯誤代碼（docs.payuni.com.tw/web/#/7/119）,
payuni,HOME01087,無法上傳宅配單(無上傳接口),,error,物流 API 錯誤代碼（docs.payuni.com.tw/web/#/7/119）,
payuni,HOME01088,宅配單(上傳)處理失敗,,error,物流 API 錯誤代碼（docs.payuni.com.tw/web/#/7/119）,
payuni,HOME01089,託運單備註字數超過限制,,error,物流 API 錯誤代碼（docs.payuni.com.tw/web/#/7/119）,
payuni,HOME01090,無可列印的宅配單(上傳)，處理失敗,,error,物流 API 錯誤代碼（docs.payuni.com.tw/web/#/7/119）,
payuni,HOME01091,更新宅配單資料狀態失敗,,error,物流 API 錯誤代碼（docs.payuni.com.tw/web/#/7/119）,
payuni,HOME01092,已有宅配單處理過，請改用下載宅配單,,error,物流 API 錯誤代碼（docs.payuni.com.tw/web/#/7/119）,
payuni,HOME01093,未有宅配單下載檔名序號,,error,物流 API 錯誤代碼（docs.payuni.com.tw/web/#/7/119）,
payuni,HOME01094,查無對應的檔名序號的宅配訂單資料,,error,物流 API 錯誤代碼（docs.payuni.com.tw/web/#/7/119）,
payuni,HOME01095,指定的宅配訂單不存在於此檔名序號內,,error,物流 API 錯誤代碼（docs.payuni.com.tw/web/#/7/119）,
payuni,HOME01096,未有聯絡人姓名,,error,物流 API 錯誤代碼（docs.payuni.com.tw/web/#/7/119）,
payuni,HOME01097,聯絡人姓名長度超過限制,,error,物流 API 錯誤代碼（docs.payuni.com.tw/web/#/7/119）,
payuni,HOME01098,聯絡人手機號碼格式有誤,,error,物流 API 錯誤代碼（docs.payuni.com.tw/web/#/7/119）,
payuni,HOME01099,聯絡人電話區碼長度超過限制,,error,物流 API 錯誤代碼（docs.payuni.com.tw/web/#/7/119）,
payuni,HOME01100,聯絡人電話區碼格式有誤,,error,物流 API 錯誤代碼（docs.payuni.com.tw/web/#/7/119）,
payuni,HOME01101,聯絡人電話長度超過限制,,error,物流 API 錯誤代碼（docs.payuni.com.tw/web/#/7/119）,
payuni,HOME01102,聯絡人電話格式有誤,,error,物流 API 錯誤代碼（docs.payuni.com.tw/web/#/7/119）,
payuni,HOME01103,聯絡人電話分機號碼長度超過限制,,error,物流 API 錯誤代碼（docs.payuni.com.tw/web/#/7/119）,
payuni,HOME01104,聯絡人電話分機號碼格式有誤,,error,物流 API 錯誤代碼（docs.payuni.com.tw/web/#/7/119）,
payuni,HOME01105,未有聯絡人地址,,error,物流 API 錯誤代碼（docs.payuni.com.tw/web/#/7/119）,
payuni,HOME01106,聯絡人地址長度超過限制,,error,物流 API 錯誤代碼（docs.payuni.com.tw/web/#/7/119）,
payuni,HOME01107,未有常溫件數,,error,物流 API 錯誤代碼（docs.payuni.com.tw/web/#/7/119）,
payuni,HOME01108,常溫件數格式有誤,,error,物流 API 錯誤代碼（docs.payuni.com.tw/web/#/7/119）,
payuni,HOME01109,未有冷藏件數,,error,物流 API 錯誤代碼（docs.payuni.com.tw/web/#/7/119）,
payuni,HOME01110,冷藏件數格式有誤,,error,物流 API 錯誤代碼（docs.payuni.com.tw/web/#/7/119）,
payuni,HOME01111,未有冷凍件數,,error,物流 API 錯誤代碼（docs.payuni.com.tw/web/#/7/119）,
payuni,HOME01112,冷凍件數格式有誤,,error,物流 API 錯誤代碼（docs.payuni.com.tw/web/#/7/119）,
payuni,HOME01113,是否需要先電聯,,error,物流 API 錯誤代碼（docs.payuni.com.tw/web/#/7/119）,
payuni,HOME01114,無法辨識是否需要先電聯,,error,物流 API 錯誤代碼（docs.payuni.com.tw/web/#/7/119）,
payuni,HOME01115,是否需要宅配人員帶推車,,error,物流 API 錯誤代碼（docs.payuni.com.tw/web/#/7/119）,
payuni,HOME01116,無法辨識是否需要帶推車,,error,物流 API 錯誤代碼（docs.payuni.com.tw/web/#/7/119）,
payuni,HOME01117,呼叫黑貓失敗,,error,物流 API 錯誤代碼（docs.payuni.com.tw/web/#/7/119）,
payuni,HOME01118,新增呼叫記錄失敗，請洽人員處理,,error,物流 API 錯誤代碼（docs.payuni.com.tw/web/#/7/119）,
payuni,HOME01119,溫層件數相加最少需1件,,error,物流 API 錯誤代碼（docs.payuni.com.tw/web/#/7/119）,
payuni,HOME01120,收件人的地址不在服務範圍內,,error,物流 API 錯誤代碼（docs.payuni.com.tw/web/#/7/119）,
payuni,HOME01121,無法辨識寄本島或是離島，須技術人員確認,,error,物流 API 錯誤代碼（docs.payuni.com.tw/web/#/7/119）,
payuni,HOME01122,未有寄件人手機號碼,,error,物流 API 錯誤代碼（docs.payuni.com.tw/web/#/7/119）,
payuni,HOME01123,寄件人地址長度超過限制,,error,物流 API 錯誤代碼（docs.payuni.com.tw/web/#/7/119）,
payuni,HOME01124,無法辨識的交易來源標記,,error,物流 API 錯誤代碼（docs.payuni.com.tw/web/#/7/119）,
payuni,HOME01125,(退)出貨日期超過系統限制日期,,error,物流 API 錯誤代碼（docs.payuni.com.tw/web/#/7/119）,
payuni,HOME01126,(退)宅配單號取得失敗,,error,物流 API 錯誤代碼（docs.payuni.com.tw/web/#/7/119）,
payuni,HOME01127,此UNi物流序號訂單已超過可退貨期限,,error,物流 API 錯誤代碼（docs.payuni.com.tw/web/#/7/119）,
payuni,HOME01128,此UNi物流序號訂單狀態為不可執行退貨宅配單,,error,物流 API 錯誤代碼（docs.payuni.com.tw/web/#/7/119）,
payuni,HOME01129,建立退貨宅配單失敗,,error,物流 API 錯誤代碼（docs.payuni.com.tw/web/#/7/119）,
payuni,HOME01130,刪除退貨宅配單請求失敗,,error,物流 API 錯誤代碼（docs.payuni.com.tw/web/#/7/119）,
payuni,HOME01131,寄件人的地址不在服務範圍內,,error,物流 API 錯誤代碼（docs.payuni.com.tw/web/#/7/119）,
payuni,HOME01132,冷凍(藏)不提供150cm的尺寸,,error,物流 API 錯誤代碼（docs.payuni.com.tw/web/#/7/119）,
payuni,HOME01133,收貨人姓名長度超過限制,,error,物流 API 錯誤代碼（docs.payuni.com.tw/web/#/7/119）,
payuni,HOME01134,三種溫層件數只能限一種溫層,,error,物流 API 錯誤代碼（docs.payuni.com.tw/web/#/7/119）,
payuni,HOME01135,未有寄件人電子信箱,,error,物流 API 錯誤代碼（docs.payuni.com.tw/web/#/7/119）,
payuni,HOME01136,寄件人電子信箱格式錯誤,,error,物流 API 錯誤代碼（docs.payuni.com.tw/web/#/7/119）,
payuni,HOME01137,無法辨識 API POST TYPE,,error,物流 API 錯誤代碼（docs.payuni.com.tw/web/#/7/119）,
payuni,HOME01138,此次下載宅配單PDF檔中，有訂單尚未取得宅配單編號,,error,物流 API 錯誤代碼（docs.payuni.com.tw/web/#/7/119）,
payuni,HOME01139,此次下載宅配單PDF檔中，有訂單並不屬於FILE NO的宅配單,,error,物流 API 錯誤代碼（docs.payuni.com.tw/web/#/7/119）,
payuni,HOME01140,此FileNo已超過列印截止時間,,error,物流 API 錯誤代碼（docs.payuni.com.tw/web/#/7/119）,
payuni,HOME01141,(退)已過16:25，請將出貨日期變更為D+2,,error,物流 API 錯誤代碼（docs.payuni.com.tw/web/#/7/119）,
payuni,HOME01142,寄件人地址郵號未取得,,error,物流 API 錯誤代碼（docs.payuni.com.tw/web/#/7/119）,
payuni,HOME01143,宅配設定資料(寄件人地址郵號)，更新失敗,,error,物流 API 錯誤代碼（docs.payuni.com.tw/web/#/7/119）,
payuni,HOME01144,宅配單已不符合要號規則(已取消),,error,物流 API 錯誤代碼（docs.payuni.com.tw/web/#/7/119）,
payuni,HOME01145,指定的日期為非上班日不配送,,error,物流 API 錯誤代碼（docs.payuni.com.tw/web/#/7/119）,
payuni,HOME01146,希望配達日期為週日，無法配送,,error,物流 API 錯誤代碼（docs.payuni.com.tw/web/#/7/119）,
payuni,HOME01148,未有買方名稱(抬頭),,error,物流 API 錯誤代碼（docs.payuni.com.tw/web/#/7/119）,
payuni,HOME01149,買方統編長度有誤,,error,物流 API 錯誤代碼（docs.payuni.com.tw/web/#/7/119）,
payuni,HOME01150,未有消費者電子信箱,,error,物流 API 錯誤代碼（docs.payuni.com.tw/web/#/7/119）,
payuni,HOME01151,未有載具類別,,error,物流 API 錯誤代碼（docs.payuni.com.tw/web/#/7/119）,
payuni,HOME01152,無法辨識的載具類別,,error,物流 API 錯誤代碼（docs.payuni.com.tw/web/#/7/119）,
payuni,HOME01153,載具資料不可為空(手機條碼、自然人憑證條碼或是捐贈碼),,error,物流 API 錯誤代碼（docs.payuni.com.tw/web/#/7/119）,
payuni,HOME01154,買方統編格式有誤,,error,物流 API 錯誤代碼（docs.payuni.com.tw/web/#/7/119）,
payuni,HOME01155,未有公司統編,,error,物流 API 錯誤代碼（docs.payuni.com.tw/web/#/7/119）,
payuni,HOME01156,商店不提供捐贈發票選項,,error,物流 API 錯誤代碼（docs.payuni.com.tw/web/#/7/119）,
payuni,HOME01157,此捐贈碼不在商店提供範圍內,,error,物流 API 錯誤代碼（docs.payuni.com.tw/web/#/7/119）,
payuni,HOME01158,手機條碼不正確,,error,物流 API 錯誤代碼（docs.payuni.com.tw/web/#/7/119）,
payuni,HOME01159,金流訂單尚未付款完成，無法列印物流出貨單,,error,物流 API 錯誤代碼（docs.payuni.com.tw/web/#/7/119）,
payuni,HOME01160,金流訂單付款狀態已是失敗，無法列印物流出貨單,,error,物流 API 錯誤代碼（docs.payuni.com.tw/web/#/7/119）,
payuni,HOME01161,金流訂單付款狀態已是交易逾期，無法列印物流出貨單,,error,物流 API 錯誤代碼（docs.payuni.com.tw/web/#/7/119）,
payuni,HOME01162,金流訂單付款狀態已是取消，無法列印物流出貨單,,error,物流 API 錯誤代碼（docs.payuni.com.tw/web/#/7/119）,
payuni,HOME01163,系統正在取得黑貓託運單號，請勿重複操作,,error,物流 API 錯誤代碼（docs.payuni.com.tw/web/#/7/119）,
payuni,HOME01164,無驗證值，請勿操作,,error,物流 API 錯誤代碼（docs.payuni.com.tw/web/#/7/119）,
payuni,HOME01165,設定驗證值失敗，請確認,,error,物流 API 錯誤代碼（docs.payuni.com.tw/web/#/7/119）,
payuni,LAB01001,已達連線處理上限，請稍後再試,,error,物流 API 錯誤代碼（docs.payuni.com.tw/web/#/7/119）,
payuni,LAB01002,未有商店代號,,error,物流 API 錯誤代碼（docs.payuni.com.tw/web/#/7/119）,
payuni,LAB01003,資料 HASH 比對不符合,,error,物流 API 錯誤代碼（docs.payuni.com.tw/web/#/7/119）,
payuni,LAB01004,資料解密失敗,,error,物流 API 錯誤代碼（docs.payuni.com.tw/web/#/7/119）,
payuni,LAB01005,解密資料不存在,,error,物流 API 錯誤代碼（docs.payuni.com.tw/web/#/7/119）,
payuni,LAB01006,查無符合商店資料,,error,物流 API 錯誤代碼（docs.payuni.com.tw/web/#/7/119）,
payuni,LAB01007,C2C物流編譯異常,,error,物流 API 錯誤代碼（docs.payuni.com.tw/web/#/7/119）,
payuni,LAB01008,B2C物流編譯異常,,error,物流 API 錯誤代碼（docs.payuni.com.tw/web/#/7/119）,
payuni,LAB01009,傳遞驗證資料比對不符合,,error,物流 API 錯誤代碼（docs.payuni.com.tw/web/#/7/119）,
payuni,LAB01010,傳遞驗證資料不存在,,error,物流 API 錯誤代碼（docs.payuni.com.tw/web/#/7/119）,
payuni,LAB01011,查無符合商店物流資料,,error,物流 API 錯誤代碼（docs.payuni.com.tw/web/#/7/119）,
payuni,LAB01012,查無商店C2C列印出貨單設定資訊,,error,物流 API 錯誤代碼（docs.payuni.com.tw/web/#/7/119）,
payuni,LAB01013,查無出貨編號資訊,,error,物流 API 錯誤代碼（docs.payuni.com.tw/web/#/7/119）,
payuni,LAB01014,商店未有設定AesType,,error,物流 API 錯誤代碼（docs.payuni.com.tw/web/#/7/119）,
payuni,LAB01015,商店AesType不符合,,error,物流 API 錯誤代碼（docs.payuni.com.tw/web/#/7/119）,
payuni,LAB01016,查無符合代理商資料,,error,物流 API 錯誤代碼（docs.payuni.com.tw/web/#/7/119）,
payuni,LAB01017,代理商狀態不符合,,error,物流 API 錯誤代碼（docs.payuni.com.tw/web/#/7/119）,
payuni,LAB02001,未有商店代號,,error,物流 API 錯誤代碼（docs.payuni.com.tw/web/#/7/119）,
payuni,LAB02002,未有商店自訂編號,,error,物流 API 錯誤代碼（docs.payuni.com.tw/web/#/7/119）,
payuni,LAB02003,商店自訂編號，超過長度限制,,error,物流 API 錯誤代碼（docs.payuni.com.tw/web/#/7/119）,
payuni,LAB02004,商店自訂編號，格式錯誤(英數字-_),,error,物流 API 錯誤代碼（docs.payuni.com.tw/web/#/7/119）,
payuni,LAB02005,未有時間戳記,,error,物流 API 錯誤代碼（docs.payuni.com.tw/web/#/7/119）,
payuni,LAB02006,時間戳記，僅可輸入整數,,error,物流 API 錯誤代碼（docs.payuni.com.tw/web/#/7/119）,
payuni,LAB02007,時間戳記，已過期,,error,物流 API 錯誤代碼（docs.payuni.com.tw/web/#/7/119）,
payuni,LAB02008,未有物流別,,error,物流 API 錯誤代碼（docs.payuni.com.tw/web/#/7/119）,
payuni,LAB02009,無法辨識的物流別,,error,物流 API 錯誤代碼（docs.payuni.com.tw/web/#/7/119）,
payuni,LAB02010,未有超商別,,error,物流 API 錯誤代碼（docs.payuni.com.tw/web/#/7/119）,
payuni,LAB02011,無法辨識的超商別,,error,物流 API 錯誤代碼（docs.payuni.com.tw/web/#/7/119）,
payuni,LAB02012,暫不支援此物流,,error,物流 API 錯誤代碼（docs.payuni.com.tw/web/#/7/119）,
payuni,LAB02013,已超過可列印標籤訂單上限,,error,物流 API 錯誤代碼（docs.payuni.com.tw/web/#/7/119）,
payuni,LAB02014,物流單上傳失敗,,error,物流 API 錯誤代碼（docs.payuni.com.tw/web/#/7/119）,
payuni,LAB02015,無法上傳物流單(無上傳接口),,error,物流 API 錯誤代碼（docs.payuni.com.tw/web/#/7/119）,
payuni,LAB02016,驗證超商物流訂單皆無符合列印出貨單條件,,error,物流 API 錯誤代碼（docs.payuni.com.tw/web/#/7/119）,
payuni,LAB02017,未有出貨日期,,error,物流 API 錯誤代碼（docs.payuni.com.tw/web/#/7/119）,
payuni,LAB02018,出貨日期格式有誤，應為日期格式,,error,物流 API 錯誤代碼（docs.payuni.com.tw/web/#/7/119）,
payuni,LAB02019,出貨日期為無效日期，請重新確認,,error,物流 API 錯誤代碼（docs.payuni.com.tw/web/#/7/119）,
payuni,LAB02020,未有UNi物流序號,,error,物流 API 錯誤代碼（docs.payuni.com.tw/web/#/7/119）,
payuni,LAB02022,訂單資料尚在處理中，請稍後再列印,,error,物流 API 錯誤代碼（docs.payuni.com.tw/web/#/7/119）,
payuni,LAB02023,此店到店收件門市目前不提供交貨便服務,,error,物流 API 錯誤代碼（docs.payuni.com.tw/web/#/7/119）,
payuni,LAB02024,物流單已不符合要號規則,,error,物流 API 錯誤代碼（docs.payuni.com.tw/web/#/7/119）,
payuni,LAB02025,此店到店指定的退件門市目前不提供交貨便服務,,error,物流 API 錯誤代碼（docs.payuni.com.tw/web/#/7/119）,
payuni,LAB02026,物流單資訊是否有帶入特殊字元或符號,,error,物流 API 錯誤代碼（docs.payuni.com.tw/web/#/7/119）,
payuni,LAB02027,金流訂單尚未付款完成，無法列印物流出貨單,,error,物流 API 錯誤代碼（docs.payuni.com.tw/web/#/7/119）,
payuni,LAB02028,金流訂單付款狀態已是失敗，無法列印物流出貨單,,error,物流 API 錯誤代碼（docs.payuni.com.tw/web/#/7/119）,
payuni,LAB02029,金流訂單付款狀態已是交易逾期，無法列印物流出貨單,,error,物流 API 錯誤代碼（docs.payuni.com.tw/web/#/7/119）,
payuni,LAB02030,金流訂單付款狀態已是取消，無法列印物流出貨單,,error,物流 API 錯誤代碼（docs.payuni.com.tw/web/#/7/119）,
payuni,LAB03001,商店未啟用,,error,物流 API 錯誤代碼（docs.payuni.com.tw/web/#/7/119）,
payuni,LAB03002,查無商店設定C2C物流服務,,error,物流 API 錯誤代碼（docs.payuni.com.tw/web/#/7/119）,
payuni,LAB03003,商店C2C物流服務尚未開通,,error,物流 API 錯誤代碼（docs.payuni.com.tw/web/#/7/119）,
payuni,LAB03004,商店未啟用C2C物流服務,,error,物流 API 錯誤代碼（docs.payuni.com.tw/web/#/7/119）,
payuni,LAB03005,查無商店設定B2C物流服務,,error,物流 API 錯誤代碼（docs.payuni.com.tw/web/#/7/119）,
payuni,LAB03006,商店B2C物流服務尚未開通,,error,物流 API 錯誤代碼（docs.payuni.com.tw/web/#/7/119）,
payuni,LAB03007,商店未啟用B2C物流服務,,error,物流 API 錯誤代碼（docs.payuni.com.tw/web/#/7/119）,
payuni,LAB03008,B2C物流服務無退貨門市更新服務,,error,物流 API 錯誤代碼（docs.payuni.com.tw/web/#/7/119）,
payuni,LAB03009,商店未設定店到店的退貨門市資訊,,error,物流 API 錯誤代碼（docs.payuni.com.tw/web/#/7/119）,
payuni,LAB03010,查無符合商店物流資料,,error,物流 API 錯誤代碼（docs.payuni.com.tw/web/#/7/119）,
payuni,LAB03011,收(寄)件人姓名僅支援輸入中文/英文/數字,,error,物流 API 錯誤代碼（docs.payuni.com.tw/web/#/7/119）,
payuni,LAB04001,已存在相同商店訂單編號,,error,物流 API 錯誤代碼（docs.payuni.com.tw/web/#/7/119）,
payuni,LAB04002,未有交易唯一Token,,error,物流 API 錯誤代碼（docs.payuni.com.tw/web/#/7/119）,
payuni,LAB06001,未有API處理結果,,error,物流 API 錯誤代碼（docs.payuni.com.tw/web/#/7/119）,
payuni,LAB06002,回傳加密失敗,,error,物流 API 錯誤代碼（docs.payuni.com.tw/web/#/7/119）,
payuni,LGR01001,已達連線處理上限，請稍後再試,,error,物流 API 錯誤代碼（docs.payuni.com.tw/web/#/7/119）,
payuni,LGR01002,未有商店代號,,error,物流 API 錯誤代碼（docs.payuni.com.tw/web/#/7/119）,
payuni,LGR01003,資料 HASH 比對不符合,,error,物流 API 錯誤代碼（docs.payuni.com.tw/web/#/7/119）,
payuni,LGR01004,資料解密失敗,,error,物流 API 錯誤代碼（docs.payuni.com.tw/web/#/7/119）,
payuni,LGR01005,解密資料不存在,,error,物流 API 錯誤代碼（docs.payuni.com.tw/web/#/7/119）,
payuni,LGR01006,查無符合商店資料,,error,物流 API 錯誤代碼（docs.payuni.com.tw/web/#/7/119）,
payuni,LGR01007,C2C物流編譯異常,,error,物流 API 錯誤代碼（docs.payuni.com.tw/web/#/7/119）,
payuni,LGR01008,B2C物流編譯異常,,error,物流 API 錯誤代碼（docs.payuni.com.tw/web/#/7/119）,
payuni,LGR01009,傳遞驗證資料比對不符合,,error,物流 API 錯誤代碼（docs.payuni.com.tw/web/#/7/119）,
payuni,LGR01010,傳遞驗證資料不存在,,error,物流 API 錯誤代碼（docs.payuni.com.tw/web/#/7/119）,
payuni,LGR01011,查無符合商店物流設定資料,,error,物流 API 錯誤代碼（docs.payuni.com.tw/web/#/7/119）,
payuni,LGR01014,查無符合代理商資料,,error,物流 API 錯誤代碼（docs.payuni.com.tw/web/#/7/119）,
payuni,LGR01015,代理商狀態不符合,,error,物流 API 錯誤代碼（docs.payuni.com.tw/web/#/7/119）,
payuni,LGR02001,未有商店代號,,error,物流 API 錯誤代碼（docs.payuni.com.tw/web/#/7/119）,
payuni,LGR02002,未有商店自訂編號,,error,物流 API 錯誤代碼（docs.payuni.com.tw/web/#/7/119）,
payuni,LGR02003,商店自訂編號，超過長度限制,,error,物流 API 錯誤代碼（docs.payuni.com.tw/web/#/7/119）,
payuni,LGR02004,商店自訂編號，格式錯誤(英數字-_),,error,物流 API 錯誤代碼（docs.payuni.com.tw/web/#/7/119）,
payuni,LGR02005,未有時間戳記,,error,物流 API 錯誤代碼（docs.payuni.com.tw/web/#/7/119）,
payuni,LGR02006,時間戳記，僅可輸入整數,,error,物流 API 錯誤代碼（docs.payuni.com.tw/web/#/7/119）,
payuni,LGR02007,時間戳記，已過期,,error,物流 API 錯誤代碼（docs.payuni.com.tw/web/#/7/119）,
payuni,LGR02008,未有物流型態,,error,物流 API 錯誤代碼（docs.payuni.com.tw/web/#/7/119）,
payuni,LGR02009,無法辨識的物流型態,,error,物流 API 錯誤代碼（docs.payuni.com.tw/web/#/7/119）,
payuni,LGR02010,未有超商別,,error,物流 API 錯誤代碼（docs.payuni.com.tw/web/#/7/119）,
payuni,LGR02011,無法辨識的超商別,,error,物流 API 錯誤代碼（docs.payuni.com.tw/web/#/7/119）,
payuni,LGR02012,請選擇退貨付款或退貨不付款,,error,物流 API 錯誤代碼（docs.payuni.com.tw/web/#/7/119）,
payuni,LGR02013,退貨付款或退貨不付款的參數別有誤,,error,物流 API 錯誤代碼（docs.payuni.com.tw/web/#/7/119）,
payuni,LGR02014,未有代收金額,,error,物流 API 錯誤代碼（docs.payuni.com.tw/web/#/7/119）,
payuni,LGR02015,代收金額，僅可輸入整數,,error,物流 API 錯誤代碼（docs.payuni.com.tw/web/#/7/119）,
payuni,LGR02016,代收金額，格式錯誤(0~999),,error,物流 API 錯誤代碼（docs.payuni.com.tw/web/#/7/119）,
payuni,LGR02017,未有繳費期限日期,,error,物流 API 錯誤代碼（docs.payuni.com.tw/web/#/7/119）,
payuni,LGR02018,繳費期限日期格式有誤,,error,物流 API 錯誤代碼（docs.payuni.com.tw/web/#/7/119）,
payuni,LGR02019,無效的繳費期限日期,,error,物流 API 錯誤代碼（docs.payuni.com.tw/web/#/7/119）,
payuni,LGR02020,未有退件人姓名,,error,物流 API 錯誤代碼（docs.payuni.com.tw/web/#/7/119）,
payuni,LGR02021,未指定退貨便操作方式,,error,物流 API 錯誤代碼（docs.payuni.com.tw/web/#/7/119）,
payuni,LGR02022,無法辨識退貨便操作方式,,error,物流 API 錯誤代碼（docs.payuni.com.tw/web/#/7/119）,
payuni,LGR02023,無退貨編號,,error,物流 API 錯誤代碼（docs.payuni.com.tw/web/#/7/119）,
payuni,LGR02024,無退貨編號之驗證碼,,error,物流 API 錯誤代碼（docs.payuni.com.tw/web/#/7/119）,
payuni,LGR02025,未有UNi物流序號,,error,物流 API 錯誤代碼（docs.payuni.com.tw/web/#/7/119）,
payuni,LGR02026,未有商品金額,,error,物流 API 錯誤代碼（docs.payuni.com.tw/web/#/7/119）,
payuni,LGR02027,商品金額，僅可輸入整數,,error,物流 API 錯誤代碼（docs.payuni.com.tw/web/#/7/119）,
payuni,LGR02028,商品金額，格式錯誤(1~20000),,error,物流 API 錯誤代碼（docs.payuni.com.tw/web/#/7/119）,
payuni,LGR02029,代收金額，格式錯誤(30~999),,error,物流 API 錯誤代碼（docs.payuni.com.tw/web/#/7/119）,
payuni,LGR02030,未有寄件型態,,error,物流 API 錯誤代碼（docs.payuni.com.tw/web/#/7/119）,
payuni,LGR02031,寄件型態僅限常溫,,error,物流 API 錯誤代碼（docs.payuni.com.tw/web/#/7/119）,
payuni,LGR02032,此UNi物流序號訂單已超過可退貨期限,,error,物流 API 錯誤代碼（docs.payuni.com.tw/web/#/7/119）,
payuni,LGR02033,此UNi物流序號訂單狀態為不可執行退貨便,,error,物流 API 錯誤代碼（docs.payuni.com.tw/web/#/7/119）,
payuni,LGR02035,收(退)件人姓名僅支援輸入中文/英文/數字,,error,物流 API 錯誤代碼（docs.payuni.com.tw/web/#/7/119）,
payuni,LGR03001,商店未啟用,,error,物流 API 錯誤代碼（docs.payuni.com.tw/web/#/7/119）,
payuni,LGR03002,查無商店設定C2C物流服務,,error,物流 API 錯誤代碼（docs.payuni.com.tw/web/#/7/119）,
payuni,LGR03003,商店C2C物流服務尚未開通,,error,物流 API 錯誤代碼（docs.payuni.com.tw/web/#/7/119）,
payuni,LGR03004,商店未啟用C2C物流服務,,error,物流 API 錯誤代碼（docs.payuni.com.tw/web/#/7/119）,
payuni,LGR03005,查無商店設定B2C物流服務,,error,物流 API 錯誤代碼（docs.payuni.com.tw/web/#/7/119）,
payuni,LGR03006,商店B2C物流服務尚未開通,,error,物流 API 錯誤代碼（docs.payuni.com.tw/web/#/7/119）,
payuni,LGR03007,商店未啟用B2C物流服務,,error,物流 API 錯誤代碼（docs.payuni.com.tw/web/#/7/119）,
payuni,LGR03008,B2C物流服務無退貨門市更新服務,,error,物流 API 錯誤代碼（docs.payuni.com.tw/web/#/7/119）,
payuni,LGR03009,不提供此IP幕後交易,,error,物流 API 錯誤代碼（docs.payuni.com.tw/web/#/7/119）,
payuni,LGR03010,商店未提供物流幕後交易,,error,物流 API 錯誤代碼（docs.payuni.com.tw/web/#/7/119）,
payuni,LGR03011,未有代理商幕後相關設定,,error,物流 API 錯誤代碼（docs.payuni.com.tw/web/#/7/119）,
payuni,LGR03012,代理商未開啟撥款指示功能,,error,物流 API 錯誤代碼（docs.payuni.com.tw/web/#/7/119）,
payuni,LGR03013,商店未啟用C2B物流服務,,error,物流 API 錯誤代碼（docs.payuni.com.tw/web/#/7/119）,
payuni,LGR03014,商店未啟用B2C常溫物流服務,,error,物流 API 錯誤代碼（docs.payuni.com.tw/web/#/7/119）,
payuni,LGR04001,已存在相同商店訂單編號,,error,物流 API 錯誤代碼（docs.payuni.com.tw/web/#/7/119）,
payuni,LGR04002,未有交易唯一Token,,error,物流 API 錯誤代碼（docs.payuni.com.tw/web/#/7/119）,
payuni,LGR04003,查無該商店訂單資料,,error,物流 API 錯誤代碼（docs.payuni.com.tw/web/#/7/119）,
payuni,LGR04004,此訂單並非物流訂單,,error,物流 API 錯誤代碼（docs.payuni.com.tw/web/#/7/119）,
payuni,LGR04005,不符合執行退貨便的訂單,,error,物流 API 錯誤代碼（docs.payuni.com.tw/web/#/7/119）,
payuni,LGR04006,該筆訂單已建立過退貨便,,error,物流 API 錯誤代碼（docs.payuni.com.tw/web/#/7/119）,
payuni,LGR04008,無法辨識更新訂單的資訊,,error,物流 API 錯誤代碼（docs.payuni.com.tw/web/#/7/119）,
payuni,LGR04009,該訂單不符合執行取消退貨便,,error,物流 API 錯誤代碼（docs.payuni.com.tw/web/#/7/119）,
payuni,LGR04010,退貨便僅限常溫訂單，不支援冷凍訂單,,error,物流 API 錯誤代碼（docs.payuni.com.tw/web/#/7/119）,
payuni,LGR04011,建立退貨便資料失敗,,error,物流 API 錯誤代碼（docs.payuni.com.tw/web/#/7/119）,
payuni,LGR05001,退貨便取號失敗,,error,物流 API 錯誤代碼（docs.payuni.com.tw/web/#/7/119）,
payuni,LGR06001,未有API處理結果,,error,物流 API 錯誤代碼（docs.payuni.com.tw/web/#/7/119）,
payuni,LGR06002,回傳加密失敗,,error,物流 API 錯誤代碼（docs.payuni.com.tw/web/#/7/119）,
payuni,SHIP01001,已達連線處理上限，請稍後再試,,error,物流 API 錯誤代碼（docs.payuni.com.tw/web/#/7/119）,
payuni,SHIP01002,未有商店代號,,error,物流 API 錯誤代碼（docs.payuni.com.tw/web/#/7/119）,
payuni,SHIP01003,資料HASH比對不符合,,error,物流 API 錯誤代碼（docs.payuni.com.tw/web/#/7/119）,
payuni,SHIP01004,資料解密失敗,,error,物流 API 錯誤代碼（docs.payuni.com.tw/web/#/7/119）,
payuni,SHIP01005,解密資料不存在,,error,物流 API 錯誤代碼（docs.payuni.com.tw/web/#/7/119）,
payuni,SHIP01006,查無符合商店資料,,error,物流 API 錯誤代碼（docs.payuni.com.tw/web/#/7/119）,
payuni,SHIP01007,C2C物流編譯異常,,error,物流 API 錯誤代碼（docs.payuni.com.tw/web/#/7/119）,
payuni,SHIP01008,B2C物流編譯異常,,error,物流 API 錯誤代碼（docs.payuni.com.tw/web/#/7/119）,
payuni,SHIP01009,傳遞驗證資料比對不符合,,error,物流 API 錯誤代碼（docs.payuni.com.tw/web/#/7/119）,
payuni,SHIP01010,傳遞驗證資料不存在,,error,物流 API 錯誤代碼（docs.payuni.com.tw/web/#/7/119）,
payuni,SHIP01011,查無符合商店物流資料,,error,物流 API 錯誤代碼（docs.payuni.com.tw/web/#/7/119）,
payuni,SHIP01012,查無符合代理商資料,,error,物流 API 錯誤代碼（docs.payuni.com.tw/web/#/7/119）,
payuni,SHIP01013,代理商狀態非開啟狀態,,error,物流 API 錯誤代碼（docs.payuni.com.tw/web/#/7/119）,
payuni,SHIP01014,此商店非代理商,,error,物流 API 錯誤代碼（docs.payuni.com.tw/web/#/7/119）,
payuni,SHIP01015,限企業才能申請開通B2C服務,,error,物流 API 錯誤代碼（docs.payuni.com.tw/web/#/7/119）,
payuni,SHIP01016,商店未有設定AesType,,error,物流 API 錯誤代碼（docs.payuni.com.tw/web/#/7/119）,
payuni,SHIP01017,商店AesType不符合,,error,物流 API 錯誤代碼（docs.payuni.com.tw/web/#/7/119）,
payuni,SHIP01018,查無符合代理商資料,,error,物流 API 錯誤代碼（docs.payuni.com.tw/web/#/7/119）,
payuni,SHIP01019,代理商狀態不符合,,error,物流 API 錯誤代碼（docs.payuni.com.tw/web/#/7/119）,
payuni,SHIP02001,未有商店代號,,error,物流 API 錯誤代碼（docs.payuni.com.tw/web/#/7/119）,
payuni,SHIP02002,未有商店自訂編號,,error,物流 API 錯誤代碼（docs.payuni.com.tw/web/#/7/119）,
payuni,SHIP02003,商店自訂編號，超過長度限制,,error,物流 API 錯誤代碼（docs.payuni.com.tw/web/#/7/119）,
payuni,SHIP02004,商店自訂編號，格式錯誤(英數字-_),,error,物流 API 錯誤代碼（docs.payuni.com.tw/web/#/7/119）,
payuni,SHIP02005,未有時間戳記,,error,物流 API 錯誤代碼（docs.payuni.com.tw/web/#/7/119）,
payuni,SHIP02006,時間戳記，僅可輸入整數,,error,物流 API 錯誤代碼（docs.payuni.com.tw/web/#/7/119）,
payuni,SHIP02007,時間戳記，已過期,,error,物流 API 錯誤代碼（docs.payuni.com.tw/web/#/7/119）,
payuni,SHIP02008,未有物流別,,error,物流 API 錯誤代碼（docs.payuni.com.tw/web/#/7/119）,
payuni,SHIP02009,無法辨識的物流別,,error,物流 API 錯誤代碼（docs.payuni.com.tw/web/#/7/119）,
payuni,SHIP02010,未有超商別,,error,物流 API 錯誤代碼（docs.payuni.com.tw/web/#/7/119）,
payuni,SHIP02011,無法辨識的超商別,,error,物流 API 錯誤代碼（docs.payuni.com.tw/web/#/7/119）,
payuni,SHIP02012,暫不支援此物流,,error,物流 API 錯誤代碼（docs.payuni.com.tw/web/#/7/119）,
payuni,SHIP02013,無物流地圖網址，請洽技術人員,,error,物流 API 錯誤代碼（docs.payuni.com.tw/web/#/7/119）,
payuni,SHIP02014,未有處理標記,,error,物流 API 錯誤代碼（docs.payuni.com.tw/web/#/7/119）,
payuni,SHIP02015,無法辨識的處理標記,,error,物流 API 錯誤代碼（docs.payuni.com.tw/web/#/7/119）,
payuni,SHIP02016,無超商回傳的門市地圖驗證資訊,,error,物流 API 錯誤代碼（docs.payuni.com.tw/web/#/7/119）,
payuni,SHIP02017,無超商的門市代碼,,error,物流 API 錯誤代碼（docs.payuni.com.tw/web/#/7/119）,
payuni,SHIP02018,無超商的門市名稱資訊,,error,物流 API 錯誤代碼（docs.payuni.com.tw/web/#/7/119）,
payuni,SHIP02019,無超商的門市地址資訊,,error,物流 API 錯誤代碼（docs.payuni.com.tw/web/#/7/119）,
payuni,SHIP02020,無超商的合作模式資訊,,error,物流 API 錯誤代碼（docs.payuni.com.tw/web/#/7/119）,
payuni,SHIP02021,無超商的配送週期資訊,,error,物流 API 錯誤代碼（docs.payuni.com.tw/web/#/7/119）,
payuni,SHIP02022,無超商門市地圖資訊,,error,物流 API 錯誤代碼（docs.payuni.com.tw/web/#/7/119）,
payuni,SHIP02023,未有訂單金額,,error,物流 API 錯誤代碼（docs.payuni.com.tw/web/#/7/119）,
payuni,SHIP02024,訂單金額，僅可輸入整數,,error,物流 API 錯誤代碼（docs.payuni.com.tw/web/#/7/119）,
payuni,SHIP02025,訂單金額，格式錯誤(30~ 20000),,error,物流 API 錯誤代碼（docs.payuni.com.tw/web/#/7/119）,
payuni,SHIP02026,未有取貨後付款方式,,error,物流 API 錯誤代碼（docs.payuni.com.tw/web/#/7/119）,
payuni,SHIP02027,無法辨識的取貨後付款方式,,error,物流 API 錯誤代碼（docs.payuni.com.tw/web/#/7/119）,
payuni,SHIP02028,未有出貨日期,,error,物流 API 錯誤代碼（docs.payuni.com.tw/web/#/7/119）,
payuni,SHIP02029,出貨日期格式有誤，應為日期格式(YYYY/MM/DD),,error,物流 API 錯誤代碼（docs.payuni.com.tw/web/#/7/119）,
payuni,SHIP02030,出貨日期為無效日期，請重新確認,,error,物流 API 錯誤代碼（docs.payuni.com.tw/web/#/7/119）,
payuni,SHIP02031,未有收件人姓名,,error,物流 API 錯誤代碼（docs.payuni.com.tw/web/#/7/119）,
payuni,SHIP02032,未有收件人電子信箱,,error,物流 API 錯誤代碼（docs.payuni.com.tw/web/#/7/119）,
payuni,SHIP02033,收件人電子信箱格式錯誤,,error,物流 API 錯誤代碼（docs.payuni.com.tw/web/#/7/119）,
payuni,SHIP02034,未有收件人手機號碼,,error,物流 API 錯誤代碼（docs.payuni.com.tw/web/#/7/119）,
payuni,SHIP02035,手機號碼格式錯誤(09開頭),,error,物流 API 錯誤代碼（docs.payuni.com.tw/web/#/7/119）,
payuni,SHIP02036,寄送信箱，格式錯誤,,error,物流 API 錯誤代碼（docs.payuni.com.tw/web/#/7/119）,
payuni,SHIP02037,原門市代碼可能已異動或無法配送，請重新選擇門市,,error,物流 API 錯誤代碼（docs.payuni.com.tw/web/#/7/119）,
payuni,SHIP02038,未有UNi序號,,error,物流 API 錯誤代碼（docs.payuni.com.tw/web/#/7/119）,
payuni,SHIP02039,查無該筆UNi序號訂單,,error,物流 API 錯誤代碼（docs.payuni.com.tw/web/#/7/119）,
payuni,SHIP02040,未有寄件型態,,error,物流 API 錯誤代碼（docs.payuni.com.tw/web/#/7/119）,
payuni,SHIP02041,無法辨識的寄件型態,,error,物流 API 錯誤代碼（docs.payuni.com.tw/web/#/7/119）,
payuni,SHIP02042,未有UNi物流序號,,error,物流 API 錯誤代碼（docs.payuni.com.tw/web/#/7/119）,
payuni,SHIP02043,未有出貨單標籤公司別,,error,物流 API 錯誤代碼（docs.payuni.com.tw/web/#/7/119）,
payuni,SHIP02044,未有客服電話,,error,物流 API 錯誤代碼（docs.payuni.com.tw/web/#/7/119）,
payuni,SHIP02045,客服電話超過系統規定長度(10個字元),,error,物流 API 錯誤代碼（docs.payuni.com.tw/web/#/7/119）,
payuni,SHIP02046,未有商店網址,,error,物流 API 錯誤代碼（docs.payuni.com.tw/web/#/7/119）,
payuni,SHIP02047,商店網址超過系統規定長度(50個字元),,error,物流 API 錯誤代碼（docs.payuni.com.tw/web/#/7/119）,
payuni,SHIP02048,未指定退貨時間,,error,物流 API 錯誤代碼（docs.payuni.com.tw/web/#/7/119）,
payuni,SHIP02049,無法辨識的退貨時間,,error,物流 API 錯誤代碼（docs.payuni.com.tw/web/#/7/119）,
payuni,SHIP02050,未指定(週退)退貨方式,,error,物流 API 錯誤代碼（docs.payuni.com.tw/web/#/7/119）,
payuni,SHIP02051,無法辨識的(週退)退貨方式,,error,物流 API 錯誤代碼（docs.payuni.com.tw/web/#/7/119）,
payuni,SHIP02052,請設定自行派車的貨運公司名稱,,error,物流 API 錯誤代碼（docs.payuni.com.tw/web/#/7/119）,
payuni,SHIP02053,設定自行派車的貨運公司名稱超過系統規定長度(6個字元),,error,物流 API 錯誤代碼（docs.payuni.com.tw/web/#/7/119）,
payuni,SHIP02054,未設定退貨地址,,error,物流 API 錯誤代碼（docs.payuni.com.tw/web/#/7/119）,
payuni,SHIP02055,聯絡人姓名超過系統規定長度(20個字元),,error,物流 API 錯誤代碼（docs.payuni.com.tw/web/#/7/119）,
payuni,SHIP02056,聯絡人電話超過系統規定長度(20個字元),,error,物流 API 錯誤代碼（docs.payuni.com.tw/web/#/7/119）,
payuni,SHIP02057,聯絡人電子信箱超過系統規定長度(50個字元),,error,物流 API 錯誤代碼（docs.payuni.com.tw/web/#/7/119）,
payuni,SHIP02058,聯絡人電子信箱格式有誤,,error,物流 API 錯誤代碼（docs.payuni.com.tw/web/#/7/119）,
payuni,SHIP02059,公司名稱超過系統規定長度(20個字元),,error,物流 API 錯誤代碼（docs.payuni.com.tw/web/#/7/119）,
payuni,SHIP02060,公司統編須為數字格式,,error,物流 API 錯誤代碼（docs.payuni.com.tw/web/#/7/119）,
payuni,SHIP02061,公司統編長度應為8碼,,error,物流 API 錯誤代碼（docs.payuni.com.tw/web/#/7/119）,
payuni,SHIP02062,發票抬頭超過系統規定長度(20個字元),,error,物流 API 錯誤代碼（docs.payuni.com.tw/web/#/7/119）,
payuni,SHIP02063,發票寄送地址超過系統規定長度(100個字元),,error,物流 API 錯誤代碼（docs.payuni.com.tw/web/#/7/119）,
payuni,SHIP02064,查詢條件不存在,,error,物流 API 錯誤代碼（docs.payuni.com.tw/web/#/7/119）,
payuni,SHIP02065,未設定冷凍上收方式(到府上收或是自行寄貨),,error,物流 API 錯誤代碼（docs.payuni.com.tw/web/#/7/119）,
payuni,SHIP02066,冷凍上收方式類別有誤，請確認,,error,物流 API 錯誤代碼（docs.payuni.com.tw/web/#/7/119）,
payuni,SHIP02067,GrantExport參數值錯誤,,error,物流 API 錯誤代碼（docs.payuni.com.tw/web/#/7/119）,
payuni,SHIP02068,此門市不支援冷凍配送，請重新選擇,,error,物流 API 錯誤代碼（docs.payuni.com.tw/web/#/7/119）,
payuni,SHIP02069,退貨便編號長度應為12碼 (8+4的長度),,error,物流 API 錯誤代碼（docs.payuni.com.tw/web/#/7/119）,
payuni,SHIP02070,出貨單廠商名稱限中文字,,error,物流 API 錯誤代碼（docs.payuni.com.tw/web/#/7/119）,
payuni,SHIP02071,未指定門市地圖含蓋範圍,,error,物流 API 錯誤代碼（docs.payuni.com.tw/web/#/7/119）,
payuni,SHIP02072,門市地圖含蓋範圍參數值錯誤,,error,物流 API 錯誤代碼（docs.payuni.com.tw/web/#/7/119）,
payuni,SHIP02073,判斷顯示手機版門市地圖標記參數有誤,,error,物流 API 錯誤代碼（docs.payuni.com.tw/web/#/7/119）,
payuni,SHIP02074,收(退)件人姓名字數過長,,error,物流 API 錯誤代碼（docs.payuni.com.tw/web/#/7/119）,
payuni,SHIP02075,未有退件人姓名,,error,物流 API 錯誤代碼（docs.payuni.com.tw/web/#/7/119）,
payuni,SHIP02076,未有退貨便編號,,error,物流 API 錯誤代碼（docs.payuni.com.tw/web/#/7/119）,
payuni,SHIP02077,收件人地址長度超過限制,,error,物流 API 錯誤代碼（docs.payuni.com.tw/web/#/7/119）,
payuni,SHIP02078,無法驗證(地址)郵遞區號,,error,物流 API 錯誤代碼（docs.payuni.com.tw/web/#/7/119）,
payuni,SHIP02079,收(寄)件人的地址不在服務範圍內,,error,物流 API 錯誤代碼（docs.payuni.com.tw/web/#/7/119）,
payuni,SHIP02080,收(寄)件人姓名僅支援輸入中文/英文/數字,,error,物流 API 錯誤代碼（docs.payuni.com.tw/web/#/7/119）,
payuni,SHIP02081,指定寄件人資料，姓名與手機號碼不可缺一,,error,物流 API 錯誤代碼（docs.payuni.com.tw/web/#/7/119）,
payuni,SHIP02082,寄件人手機號碼格式錯誤(09開頭),,error,物流 API 錯誤代碼（docs.payuni.com.tw/web/#/7/119）,
payuni,SHIP02083,無法辨識的宅配類別,,error,物流 API 錯誤代碼（docs.payuni.com.tw/web/#/7/119）,
payuni,SHIP02084,未有收件人聯絡電話,,error,物流 API 錯誤代碼（docs.payuni.com.tw/web/#/7/119）,
payuni,SHIP02085,未有收件人收件地址,,error,物流 API 錯誤代碼（docs.payuni.com.tw/web/#/7/119）,
payuni,SHIP02086,無該筆待轉宅配的物流單資料,,error,物流 API 錯誤代碼（docs.payuni.com.tw/web/#/7/119）,
payuni,SHIP02087,比對待轉宅配資料異常，請與PAYUNi聯繫,,error,物流 API 錯誤代碼（docs.payuni.com.tw/web/#/7/119）,
payuni,SHIP02088,已超過填寫待轉宅配的期限，請與PAYUNi聯繫,,error,物流 API 錯誤代碼（docs.payuni.com.tw/web/#/7/119）,
payuni,SHIP02089,轉宅配資料不完整，請確認,,error,物流 API 錯誤代碼（docs.payuni.com.tw/web/#/7/119）,
payuni,SHIP02090,此物流單狀態，已經無法更新待轉宅配資料,,error,物流 API 錯誤代碼（docs.payuni.com.tw/web/#/7/119）,
payuni,SHIP02091,處理待轉宅配資料失敗，請與PAYUNi聯繫,,error,物流 API 錯誤代碼（docs.payuni.com.tw/web/#/7/119）,
payuni,SHIP02093,未有商品名稱,,error,物流 API 錯誤代碼（docs.payuni.com.tw/web/#/7/119）,
payuni,SHIP02094,未有買方名稱(抬頭),,error,物流 API 錯誤代碼（docs.payuni.com.tw/web/#/7/119）,
payuni,SHIP02095,買方統編長度有誤,,error,物流 API 錯誤代碼（docs.payuni.com.tw/web/#/7/119）,
payuni,SHIP02096,未有消費者電子信箱,,error,物流 API 錯誤代碼（docs.payuni.com.tw/web/#/7/119）,
payuni,SHIP02097,未有載具類別,,error,物流 API 錯誤代碼（docs.payuni.com.tw/web/#/7/119）,
payuni,SHIP02098,無法辨識的載具類別,,error,物流 API 錯誤代碼（docs.payuni.com.tw/web/#/7/119）,
payuni,SHIP02099,載具資料不可為空(手機條碼、自然人憑證條碼或是捐贈碼),,error,物流 API 錯誤代碼（docs.payuni.com.tw/web/#/7/119）,
payuni,SHIP02100,買方統編格式有誤,,error,物流 API 錯誤代碼（docs.payuni.com.tw/web/#/7/119）,
payuni,SHIP02101,未有公司統編,,error,物流 API 錯誤代碼（docs.payuni.com.tw/web/#/7/119）,
payuni,SHIP02102,商店不提供捐贈發票選項,,error,物流 API 錯誤代碼（docs.payuni.com.tw/web/#/7/119）,
payuni,SHIP02103,此捐贈碼不在商店提供範圍內,,error,物流 API 錯誤代碼（docs.payuni.com.tw/web/#/7/119）,
payuni,SHIP02104,手機條碼不正確,,error,物流 API 錯誤代碼（docs.payuni.com.tw/web/#/7/119）,
payuni,SHIP02105,收(寄)件人的姓名包含 emoji 符號,,error,物流 API 錯誤代碼（docs.payuni.com.tw/web/#/7/119）,
payuni,SHIP02106,未有聯絡人電話,,error,物流 API 錯誤代碼（docs.payuni.com.tw/web/#/7/119）,
payuni,SHIP03001,此商店狀態無法使用此服務，請確認,,error,物流 API 錯誤代碼（docs.payuni.com.tw/web/#/7/119）,
payuni,SHIP03002,查無商店設定C2C物流服務,,error,物流 API 錯誤代碼（docs.payuni.com.tw/web/#/7/119）,
payuni,SHIP03003,商店C2C物流服務尚未開通,,error,物流 API 錯誤代碼（docs.payuni.com.tw/web/#/7/119）,
payuni,SHIP03004,商店未啟用C2C物流服務,,error,物流 API 錯誤代碼（docs.payuni.com.tw/web/#/7/119）,
payuni,SHIP03005,查無商店設定B2C物流服務,,error,物流 API 錯誤代碼（docs.payuni.com.tw/web/#/7/119）,
payuni,SHIP03006,商店B2C物流服務尚未開通,,error,物流 API 錯誤代碼（docs.payuni.com.tw/web/#/7/119）,
payuni,SHIP03007,商店未啟用B2C物流服務,,error,物流 API 錯誤代碼（docs.payuni.com.tw/web/#/7/119）,
payuni,SHIP03008,B2C物流服務無退貨門市更新服務,,error,物流 API 錯誤代碼（docs.payuni.com.tw/web/#/7/119）,
payuni,SHIP03009,商店未啟用B2C常溫物流服務,,error,物流 API 錯誤代碼（docs.payuni.com.tw/web/#/7/119）,
payuni,SHIP03010,商店未啟用B2C冷凍物流服務,,error,物流 API 錯誤代碼（docs.payuni.com.tw/web/#/7/119）,
payuni,SHIP03011,未有代理商幕後相關設定,,error,物流 API 錯誤代碼（docs.payuni.com.tw/web/#/7/119）,
payuni,SHIP03012,不提供此IP幕後交易,,error,物流 API 錯誤代碼（docs.payuni.com.tw/web/#/7/119）,
payuni,SHIP03013,商店未提供物流幕後交易,,error,物流 API 錯誤代碼（docs.payuni.com.tw/web/#/7/119）,
payuni,SHIP03014,代理商未開啟撥款指示功能,,error,物流 API 錯誤代碼（docs.payuni.com.tw/web/#/7/119）,
payuni,SHIP03015,商店未設定退貨門市資訊,,error,物流 API 錯誤代碼（docs.payuni.com.tw/web/#/7/119）,
payuni,SHIP03016,商店未啟用C2C常溫物流服務,,error,物流 API 錯誤代碼（docs.payuni.com.tw/web/#/7/119）,
payuni,SHIP03017,商店未啟用C2C冷凍物流服務,,error,物流 API 錯誤代碼（docs.payuni.com.tw/web/#/7/119）,
payuni,SHIP03018,未取得指定C2C退貨門市資訊,,error,物流 API 錯誤代碼（docs.payuni.com.tw/web/#/7/119）,
payuni,SHIP04001,已存在相同商店訂單編號,,error,物流 API 錯誤代碼（docs.payuni.com.tw/web/#/7/119）,
payuni,SHIP04002,未有交易唯一Token,,error,物流 API 錯誤代碼（docs.payuni.com.tw/web/#/7/119）,
payuni,SHIP04003,該溫層商店(B2C)已建檔存在，不可再次發動,,error,物流 API 錯誤代碼（docs.payuni.com.tw/web/#/7/119）,
payuni,SHIP06001,未有API處理結果,,error,物流 API 錯誤代碼（docs.payuni.com.tw/web/#/7/119）,
payuni,SHIP06002,回傳加密失敗,,error,物流 API 錯誤代碼（docs.payuni.com.tw/web/#/7/119）,
payuni,SHIP07001,訂單建立失敗，請稍後再試,,error,物流 API 錯誤代碼（docs.payuni.com.tw/web/#/7/119）,
payuni,SHIP06003,查無物流訂單資料,,error,物流 API 錯誤代碼（docs.payuni.com.tw/web/#/7/119）,
payuni,DEF05001,未有寄件溫層型態,,error,物流 API 錯誤代碼（docs.payuni.com.tw/web/#/7/119）,
payuni,DEF05002,無法辨識的寄件溫層型態,,error,物流 API 錯誤代碼（docs.payuni.com.tw/web/#/7/119）,
payuni,DEF05003,系統發生錯誤，請聯絡客服,,error,物流 API 錯誤代碼（docs.payuni.com.tw/web/#/7/119）,
payuni,DEF05004,查無符合商店物流/宅配設定資料,,error,物流 API 錯誤代碼（docs.payuni.com.tw/web/#/7/119）,
payuni,DEF05005,商店B2C物流服務尚未開通,,error,物流 API 錯誤代碼（docs.payuni.com.tw/web/#/7/119）,
payuni,DEF05006,商店C2C物流服務尚未開通,,error,物流 API 錯誤代碼（docs.payuni.com.tw/web/#/7/119）,
payuni,DEF05007,商店宅配服務尚未開通,,error,物流 API 錯誤代碼（docs.payuni.com.tw/web/#/7/119）,
payuni,DEF05008,商店未啟用B2C物流服務,,error,物流 API 錯誤代碼（docs.payuni.com.tw/web/#/7/119）,
payuni,DEF05009,商店未啟用C2C物流服務,,error,物流 API 錯誤代碼（docs.payuni.com.tw/web/#/7/119）,
payuni,DEF05010,商店未啟用宅配物流服務,,error,物流 API 錯誤代碼（docs.payuni.com.tw/web/#/7/119）,
payuni,DEF05011,商店C2C未設定退貨門市資訊,,error,物流 API 錯誤代碼（docs.payuni.com.tw/web/#/7/119）,
payuni,DEF05012,該門市無法配送，請重新選擇門市,,error,物流 API 錯誤代碼（docs.payuni.com.tw/web/#/7/119）,
payuni,DEF05013,此門市不支援冷凍配送，請重新選擇,,error,物流 API 錯誤代碼（docs.payuni.com.tw/web/#/7/119）,
payuni,DEF05014,商品名稱不可含有禁用字眼,,error,物流 API 錯誤代碼（docs.payuni.com.tw/web/#/7/119）,
payuni,DEF05015,無法驗證(地址)郵遞區號,,error,物流 API 錯誤代碼（docs.payuni.com.tw/web/#/7/119）,
payuni,DEF05016,收件人的地址不在服務範圍內,,error,物流 API 錯誤代碼（docs.payuni.com.tw/web/#/7/119）,
payuni,DEF05017,無法辨識寄本島或是離島，須技術人員確認,,error,物流 API 錯誤代碼（docs.payuni.com.tw/web/#/7/119）,
payuni,DEF05019,該門市代碼已異動，請重新更新選擇門市，(舊代碼xxxx已更新為xxxx),,error,物流 API 錯誤代碼（docs.payuni.com.tw/web/#/7/119）,
payuni,DEF05022,收(退)件人姓名字數過短,,error,物流 API 錯誤代碼（docs.payuni.com.tw/web/#/7/119）,
smilepay,1,[超商 C2C] 已出貨 / [超商 B2C] 大智通配送中 / [黑貓宅配] 配送中,,status,Shipstatus（超商 C2C、超商 B2C、黑貓宅配）；來源：速買配官方 WooCommerce 模組 1.1.23,
smilepay,2,已達門市,,status,Shipstatus（超商 C2C、超商 B2C）；來源：速買配官方 WooCommerce 模組 1.1.23,
smilepay,3,[超商 C2C、超商 B2C] 消費者已取貨 / [黑貓宅配] 已配達,,picked_up,Shipstatus（超商 C2C、超商 B2C、黑貓宅配）；來源：速買配官方 WooCommerce 模組 1.1.23,
smilepay,4,消費者退貨,,returning,Shipstatus（超商 C2C、超商 B2C）；來源：速買配官方 WooCommerce 模組 1.1.23,
smilepay,5,[超商 C2C、超商 B2C] 已到退貨門市 / [黑貓宅配] 退貨中,,returning,Shipstatus（超商 C2C、超商 B2C、黑貓宅配）；來源：速買配官方 WooCommerce 模組 1.1.23,
smilepay,6,退貨已取貨,,returned,Shipstatus（超商 C2C、超商 B2C）；來源：速買配官方 WooCommerce 模組 1.1.23,
smilepay,7,[超商 C2C、超商 B2C] 退貨已至物流中心 / [黑貓宅配] 退完,,returning,Shipstatus（超商 C2C、超商 B2C、黑貓宅配）；來源：速買配官方 WooCommerce 模組 1.1.23,
smilepay,11,已出貨,,status,Shipstatus（超商 B2C）；來源：速買配官方 WooCommerce 模組 1.1.23,
smilepay,8,集貨失敗,,error,Shipstatus（黑貓宅配）；來源：速買配官方 WooCommerce 模組 1.1.23,
smilepay,00002,不在家,,error,黑貓配送異常 DetailStatus；來源：速買配官方 WooCommerce 模組 1.1.23,
smilepay,00007,損壞,,error,黑貓配送異常 DetailStatus；來源：速買配官方 WooCommerce 模組 1.1.23,
smilepay,00008,公司行號休息,,error,黑貓配送異常 DetailStatus；來源：速買配官方 WooCommerce 模組 1.1.23,
smilepay,00009,地址不明,,error,黑貓配送異常 DetailStatus；來源：速買配官方 WooCommerce 模組 1.1.23,
smilepay,00010,搬家,,error,黑貓配送異常 DetailStatus；來源：速買配官方 WooCommerce 模組 1.1.23,
smilepay,00011,拒收,,error,黑貓配送異常 DetailStatus；來源：速買配官方 WooCommerce 模組 1.1.23,
smilepay,00014,遺失,,error,黑貓配送異常 DetailStatus；來源：速買配官方 WooCommerce 模組 1.1.23,
smilepay,00015,暫置營業所,,error,黑貓配送異常 DetailStatus；來源：速買配官方 WooCommerce 模組 1.1.23,
smilepay,00016,BASE列管,,error,黑貓配送異常 DetailStatus；來源：速買配官方 WooCommerce 模組 1.1.23,
smilepay,00021,超大,,error,黑貓配送異常 DetailStatus；來源：速買配官方 WooCommerce 模組 1.1.23,
smilepay,00022,超重,,error,黑貓配送異常 DetailStatus；來源：速買配官方 WooCommerce 模組 1.1.23,
smilepay,00023,地址錯誤,,error,黑貓配送異常 DetailStatus；來源：速買配官方 WooCommerce 模組 1.1.23,
smilepay,00025,航班延誤,,error,黑貓配送異常 DetailStatus；來源：速買配官方 WooCommerce 模組 1.1.23,
smilepay,00219,暫置營業所,,error,黑貓配送異常 DetailStatus；來源：速買配官方 WooCommerce 模組 1.1.23,
smilepay,001,自行寄回,,error,黑貓配送異常 DetailStatus；來源：速買配官方 WooCommerce 模組 1.1.23,
smilepay,002,不退了,,error,黑貓配送異常 DetailStatus；來源：速買配官方 WooCommerce 模組 1.1.23,
smilepay,003,尚未收到商品,,error,黑貓配送異常 DetailStatus；來源：速買配官方 WooCommerce 模組 1.1.23,
smilepay,004,另約取件時間,,error,黑貓配送異常 DetailStatus；來源：速買配官方 WooCommerce 模組 1.1.23,
smilepay,005,電話錯誤,,error,黑貓配送異常 DetailStatus；來源：速買配官方 WooCommerce 模組 1.1.23,
smilepay,006,電話空號,,error,黑貓配送異常 DetailStatus；來源：速買配官方 WooCommerce 模組 1.1.23,
smilepay,007,電話未接,,error,黑貓配送異常 DetailStatus；來源：速買配官方 WooCommerce 模組 1.1.23,
smilepay,008,電話關機,,error,黑貓配送異常 DetailStatus；來源：速買配官方 WooCommerce 模組 1.1.23,
smilepay,009,超大,,error,黑貓配送異常 DetailStatus；來源：速買配官方 WooCommerce 模組 1.1.23,
smilepay,010,人不在,,error,黑貓配送異常 DetailStatus；來源：速買配官方 WooCommerce 模組 1.1.23,
smilepay,011,已收走,,error,黑貓配送異常 DetailStatus；來源：速買配官方 WooCommerce 模組 1.1.23,
smilepay,012,暫不退,,error,黑貓配送異常 DetailStatus；來源：速買配官方 WooCommerce 模組 1.1.23,
smilepay,013,電話暫停使用,,error,黑貓配送異常 DetailStatus；來源：速買配官方 WooCommerce 模組 1.1.23,
smilepay,014,商品送達時已拒收退回,,error,黑貓配送異常 DetailStatus；來源：速買配官方 WooCommerce 模組 1.1.23,
smilepay,015,地址有誤,,error,黑貓配送異常 DetailStatus；來源：速買配官方 WooCommerce 模組 1.1.23,
smilepay,016,無件可退,,error,黑貓配送異常 DetailStatus；來源：速買配官方 WooCommerce 模組 1.1.23,
smilepay,017,PCHOME通知取消,,error,黑貓配送異常 DetailStatus；來源：速買配官方 WooCommerce 模組 1.1.23,
smilepay,018,不知回收何物，自行與廠商聯絡,,error,黑貓配送異常 DetailStatus；來源：速買配官方 WooCommerce 模組 1.1.23,
smilepay,019,要換貨，需廠商再聯繫,,error,黑貓配送異常 DetailStatus；來源：速買配官方 WooCommerce 模組 1.1.23,
smilepay,020,僅需索取說明書，需廠商聯繫,,error,黑貓配送異常 DetailStatus；來源：速買配官方 WooCommerce 模組 1.1.23,
smilepay,021,多日聯絡不到，需廠商再聯繫,,error,黑貓配送異常 DetailStatus；來源：速買配官方 WooCommerce 模組 1.1.23,
smilepay,022,改住址,,error,黑貓配送異常 DetailStatus；來源：速買配官方 WooCommerce 模組 1.1.23,
smilepay,023,區號錯誤,,error,黑貓配送異常 DetailStatus；來源：速買配官方 WooCommerce 模組 1.1.23,
smilepay,024,其他,,error,黑貓配送異常 DetailStatus；來源：速買配官方 WooCommerce 模組 1.1.23,
smilepay,025,已集貨,,error,黑貓配送異常 DetailStatus；來源：速買配官方 WooCommerce 模組 1.1.23,
smilepay,026,廠商通知取消,,error,黑貓配送異常 DetailStatus；來源：速買配官方 WooCommerce 模組 1.1.23,
smilepay,999,訂單復原,,status,黑貓配送異常 DetailStatus；來源：速買配官方 WooCommerce 模組 1.1.23,
smilepay,P26,另約時間,,error,黑貓配送異常 DetailStatus；來源：速買配官方 WooCommerce 模組 1.1.23,
smilepay,P27,電聯不上,,error,黑貓配送異常 DetailStatus；來源：速買配官方 WooCommerce 模組 1.1.23,
smilepay,P28,資料有誤,,error,黑貓配送異常 DetailStatus；來源：速買配官方 WooCommerce 模組 1.1.23,
smilepay,P29,無件可退,,error,黑貓配送異常 DetailStatus；來源：速買配官方 WooCommerce 模組 1.1.23,
smilepay,P30,超大超重,,error,黑貓配送異常 DetailStatus；來源：速買配官方 WooCommerce 模組 1.1.23,
smilepay,P31,已回收,,error,黑貓配送異常 DetailStatus；來源：速買配官方 WooCommerce 模組 1.1.23,
smilepay,P32,別家收走,,error,黑貓配送異常 DetailStatus；來源：速買配官方 WooCommerce 模組 1.1.23,
smilepay,P33,商品未到,,error,黑貓配送異常 DetailStatus；來源：速買配官方 WooCommerce 模組 1.1.23,
pchomepay,LINT,訂單建立,Order created,pending,查詢物流單 status（PChomePay API 文件）,
pchomepay,LGNO,已取號,Shipment number issued,pending,查詢物流單 status（PChomePay API 文件）,
pchomepay,SSND,商品已至「寄件門店」,At sender store,in_transit,物流通知 logistic_status（PChomePay API 文件）,
pchomepay,SATB,商品已至「取件門店」,At pickup store,at_store,物流通知 logistic_status（PChomePay API 文件）,
pchomepay,RATC,商品已至「退件門店」,At return store,returning,物流通知 logistic_status（PChomePay API 文件）,
pchomepay,WD,超商取貨等待商品交寄,Waiting for drop-off (CVS pickup),pending,交易狀態 status（PChomePay API 文件）,
pchomepay,90001,物流狀態錯誤,invalid status,error,錯誤代碼（PChomePay API 文件）,
pchomepay,90002,物流狀態歷程不存在,logistic status history not found,error,錯誤代碼（PChomePay API 文件）,
pchomepay,90004,列印交寄單失敗,Print delivery note fail.,error,錯誤代碼（PChomePay API 文件）,
paynow,0000,訂單已成立 等待出貨,,pending,C2C 貨態代碼（通用）；PayNow 物流技術文件 v2.5「貨態代碼表」,
paynow,0101,商品已到寄件門市,,status,C2C 貨態代碼（通用）；PayNow 物流技術文件 v2.5「貨態代碼表」,
paynow,0102,門市已更新寄件中,,status,C2C 貨態代碼（通用）；PayNow 物流技術文件 v2.5「貨態代碼表」,
paynow,0103,門市已更新退件中,,returning,C2C 貨態代碼（通用）；PayNow 物流技術文件 v2.5「貨態代碼表」,
paynow,4000,進驗成功,,status,C2C 貨態代碼（通用）；PayNow 物流技術文件 v2.5「貨態代碼表」,
paynow,4031,商品破損退貨中,,error,C2C 貨態代碼（通用、OK）；PayNow 物流技術文件 v2.5「貨態代碼表」,
paynow,4032,商品超才退貨中,,returning,C2C 貨態代碼（通用、OK）；PayNow 物流技術文件 v2.5「貨態代碼表」,
paynow,4040,條碼資料錯誤,,error,C2C 貨態代碼（通用、OK）；PayNow 物流技術文件 v2.5「貨態代碼表」,
paynow,5000,取件門市配達,,at_store,C2C 貨態代碼（通用）；PayNow 物流技術文件 v2.5「貨態代碼表」,
paynow,5001,退件門市配達,,returning,C2C 貨態代碼（通用）；PayNow 物流技術文件 v2.5「貨態代碼表」,
paynow,7101,取件門市關轉店,,status,C2C 貨態代碼（通用）；PayNow 物流技術文件 v2.5「貨態代碼表」,
paynow,7201,退件門市關轉店,,returning,C2C 貨態代碼（通用）；PayNow 物流技術文件 v2.5「貨態代碼表」,
paynow,8000,買家已取件,,picked_up,C2C 貨態代碼（通用）；PayNow 物流技術文件 v2.5「貨態代碼表」,
paynow,8010,買家已取件-代收金額錯誤,,error,C2C 貨態代碼（通用）；PayNow 物流技術文件 v2.5「貨態代碼表」,
paynow,8020,買家已取件商品有誤,,picked_up,C2C 貨態代碼（通用）；PayNow 物流技術文件 v2.5「貨態代碼表」,
paynow,8100,賣家已取件,,picked_up,C2C 貨態代碼（通用）；PayNow 物流技術文件 v2.5「貨態代碼表」,
paynow,8110,賣家已取件-代收金額錯誤,,error,C2C 貨態代碼（通用）；PayNow 物流技術文件 v2.5「貨態代碼表」,
paynow,8120,賣家已取件商品有誤,,picked_up,C2C 貨態代碼（通用）；PayNow 物流技術文件 v2.5「貨態代碼表」,
paynow,9411,貨態停滯,,status,C2C 貨態代碼（通用）；PayNow 物流技術文件 v2.5「貨態代碼表」,
paynow,4019,物流中心未收到貨,,status,C2C 貨態代碼（7-11、全家）；PayNow 物流技術文件 v2.5「貨態代碼表」,
paynow,4033,違禁品進行罰款退貨中,,returning,C2C 貨態代碼（7-11）；PayNow 物流技術文件 v2.5「貨態代碼表」,
paynow,4034,同一個訂單兩包商品資料重複,,error,C2C 貨態代碼（7-11）；PayNow 物流技術文件 v2.5「貨態代碼表」,
paynow,4035,已過門市進貨日,,status,C2C 貨態代碼（7-11）；PayNow 物流技術文件 v2.5「貨態代碼表」,
paynow,4036,門市關轉請更新門市,,status,C2C 貨態代碼（7-11）；PayNow 物流技術文件 v2.5「貨態代碼表」,
paynow,4037,條碼規格錯誤,,error,C2C 貨態代碼（7-11）；PayNow 物流技術文件 v2.5「貨態代碼表」,
paynow,4038,條碼無法判讀,,error,C2C 貨態代碼（7-11）；PayNow 物流技術文件 v2.5「貨態代碼表」,
paynow,4060,物流中心理貨中,,status,C2C 貨態代碼（7-11）；PayNow 物流技術文件 v2.5「貨態代碼表」,
paynow,4061,商品遺失,,error,C2C 貨態代碼（7-11）；PayNow 物流技術文件 v2.5「貨態代碼表」,
paynow,4062,門市不配送,,status,C2C 貨態代碼（7-11）；PayNow 物流技術文件 v2.5「貨態代碼表」,
paynow,4063,包裹異常不配送,,error,C2C 貨態代碼（7-11）；PayNow 物流技術文件 v2.5「貨態代碼表」,
paynow,4064,取消寄件再次寄送(直接轉 C 店),,cancelled,C2C 貨態代碼（7-11）；PayNow 物流技術文件 v2.5「貨態代碼表」,
paynow,4065,提早轉 C 店-廠商因素(直接轉 C 店),,status,C2C 貨態代碼（7-11）；PayNow 物流技術文件 v2.5「貨態代碼表」,
paynow,4066,提早轉 C 店-超商因素(直接轉 C 店),,status,C2C 貨態代碼（7-11）；PayNow 物流技術文件 v2.5「貨態代碼表」,
paynow,5011,作業錯誤,,error,C2C 貨態代碼（7-11）；PayNow 物流技術文件 v2.5「貨態代碼表」,
paynow,5012,車輛故障,,status,C2C 貨態代碼（7-11）；PayNow 物流技術文件 v2.5「貨態代碼表」,
paynow,5013,天候不佳,,status,C2C 貨態代碼（7-11）；PayNow 物流技術文件 v2.5「貨態代碼表」,
paynow,5014,道路中斷,,status,C2C 貨態代碼（7-11）；PayNow 物流技術文件 v2.5「貨態代碼表」,
paynow,5015,門市停業,,status,C2C 貨態代碼（7-11）；PayNow 物流技術文件 v2.5「貨態代碼表」,
paynow,5016,缺件,,status,C2C 貨態代碼（7-11）；PayNow 物流技術文件 v2.5「貨態代碼表」,
paynow,5017,門市報缺,,status,C2C 貨態代碼（7-11）；PayNow 物流技術文件 v2.5「貨態代碼表」,
paynow,5018,寄件貨態異常協尋中,,error,C2C 貨態代碼（7-11）；PayNow 物流技術文件 v2.5「貨態代碼表」,
paynow,5019,取件包裹異常協尋中,,error,C2C 貨態代碼（7-11）；PayNow 物流技術文件 v2.5「貨態代碼表」,
paynow,5102,管制品取件門市配達,,at_store,C2C 貨態代碼（7-11）；PayNow 物流技術文件 v2.5「貨態代碼表」,
paynow,5103,管制品退件門市配達,,returning,C2C 貨態代碼（7-11）；PayNow 物流技術文件 v2.5「貨態代碼表」,
paynow,5201,EC 收退,,returning,C2C 貨態代碼（7-11）；PayNow 物流技術文件 v2.5「貨態代碼表」,
paynow,5202,交貨便收件,,status,C2C 貨態代碼（7-11）；PayNow 物流技術文件 v2.5「貨態代碼表」,
paynow,5203,退貨便收件,,returning,C2C 貨態代碼（7-11）；PayNow 物流技術文件 v2.5「貨態代碼表」,
paynow,5204,異常收退,,error,C2C 貨態代碼（7-11）；PayNow 物流技術文件 v2.5「貨態代碼表」,
paynow,5301,取消寄件,,cancelled,C2C 貨態代碼（7-11）；PayNow 物流技術文件 v2.5「貨態代碼表」,
paynow,5302,寄件遺失進行賠償程序,,error,C2C 貨態代碼（7-11）；PayNow 物流技術文件 v2.5「貨態代碼表」,
paynow,5303,取件遺失進行賠償作業,,error,C2C 貨態代碼（7-11）；PayNow 物流技術文件 v2.5「貨態代碼表」,
paynow,6002,待退貨請盡速取件,,returning,C2C 貨態代碼（7-11、全家）；PayNow 物流技術文件 v2.5「貨態代碼表」,
paynow,6003,退至 7 總倉,,returning,C2C 貨態代碼（7-11）；PayNow 物流技術文件 v2.5「貨態代碼表」,
paynow,7001,正常一退,,returning,C2C 貨態代碼（7-11）；PayNow 物流技術文件 v2.5「貨態代碼表」,
paynow,7011,商品瑕疵,,status,C2C 貨態代碼（7-11）；PayNow 物流技術文件 v2.5「貨態代碼表」,
paynow,7012,門市關店,,status,C2C 貨態代碼（7-11）；PayNow 物流技術文件 v2.5「貨態代碼表」,
paynow,7013,門市轉店,,status,C2C 貨態代碼（7-11）；PayNow 物流技術文件 v2.5「貨態代碼表」,
paynow,7014,廠商要求,,status,C2C 貨態代碼（7-11）；PayNow 物流技術文件 v2.5「貨態代碼表」,
paynow,7015,商品為違禁品，將進行退貨處理與罰款,,returning,C2C 貨態代碼（7-11）；PayNow 物流技術文件 v2.5「貨態代碼表」,
paynow,7021,刷 A 給 B,,status,C2C 貨態代碼（7-11）；PayNow 物流技術文件 v2.5「貨態代碼表」,
paynow,7022,消費者要求,,status,C2C 貨態代碼（7-11）；PayNow 物流技術文件 v2.5「貨態代碼表」,
paynow,7102,取件門市舊店號更新,,status,C2C 貨態代碼（7-11）；PayNow 物流技術文件 v2.5「貨態代碼表」,
paynow,7104,取件門市臨時關轉店,,status,C2C 貨態代碼（7-11）；PayNow 物流技術文件 v2.5「貨態代碼表」,
paynow,7202,退件門市舊店號更新,,returning,C2C 貨態代碼（7-11）；PayNow 物流技術文件 v2.5「貨態代碼表」,
paynow,7203,退件門市無取件門市資料,,returning,C2C 貨態代碼（7-11）；PayNow 物流技術文件 v2.5「貨態代碼表」,
paynow,7204,退件門市臨時關轉店,,returning,C2C 貨態代碼（7-11）；PayNow 物流技術文件 v2.5「貨態代碼表」,
paynow,8077,退至 7 總倉,,returning,C2C 貨態代碼（7-11）；PayNow 物流技術文件 v2.5「貨態代碼表」,
paynow,4067,小物流遺失,,error,C2C 貨態代碼（全家、萊爾富）；PayNow 物流技術文件 v2.5「貨態代碼表」,
paynow,4068,門市遺失,,error,C2C 貨態代碼（全家、萊爾富）；PayNow 物流技術文件 v2.5「貨態代碼表」,
paynow,4069,包裝廠不良 (滲漏 ),,status,C2C 貨態代碼（全家、萊爾富、OK）；PayNow 物流技術文件 v2.5「貨態代碼表」,
paynow,4070,[全家、萊爾富] 門市反應商品包裝不良(滲漏) / [OK] 門市反應商品包裝不良,,status,C2C 貨態代碼（全家、萊爾富、OK）；PayNow 物流技術文件 v2.5「貨態代碼表」,
paynow,4071,門市關店,,status,C2C 貨態代碼（全家、萊爾富）；PayNow 物流技術文件 v2.5「貨態代碼表」,
paynow,4072,條碼資料重複,,error,C2C 貨態代碼（全家）；PayNow 物流技術文件 v2.5「貨態代碼表」,
paynow,4073,7 日內未寄件單號失效,,status,C2C 貨態代碼（全家、萊爾富）；PayNow 物流技術文件 v2.5「貨態代碼表」,
paynow,4074,貨物進店後發生異常提早退貨,,error,C2C 貨態代碼（全家、萊爾富、OK）；PayNow 物流技術文件 v2.5「貨態代碼表」,
paynow,5200,商品運送中,,status,C2C 貨態代碼（全家）；PayNow 物流技術文件 v2.5「貨態代碼表」,
paynow,6004,商品退回物流中心,,returning,C2C 貨態代碼（全家）；PayNow 物流技術文件 v2.5「貨態代碼表」,
paynow,8002,退至全家總倉,,returning,C2C 貨態代碼（全家）；PayNow 物流技術文件 v2.5「貨態代碼表」,
paynow,8079,退至萊爾富總倉,,returning,C2C 貨態代碼（萊爾富）；PayNow 物流技術文件 v2.5「貨態代碼表」,
paynow,4030,無進貨資料,,status,C2C 貨態代碼（OK）；PayNow 物流技術文件 v2.5「貨態代碼表」,
paynow,8076,退至 OK 總倉,,returning,C2C 貨態代碼（OK）；PayNow 物流技術文件 v2.5「貨態代碼表」,
hct,集貨,Picked Up,Picked Up,picked_up,HCT 已收件,
hct,卸集貨,Unloaded,Unloaded,in_transit,包裹進入轉運站,
hct,發送,Dispatched,Dispatched,in_transit,包裹從站所發送,
hct,到著,Arrived,Arrived,in_transit,包裹到達目的地站所,
hct,配達,Delivered,Delivered,delivered,司機已送達收件人,
hct,持回,Hold,On Hold,error,司機持回（收件人不在或拒收）,聯繫收件人
hct,派遣,Dispatching,Dispatching,in_transit,司機派遣中,
hct,客戶不在,Customer Absent,Customer Absent,error,司機到達但客戶不在,
hct,已取,Picked,Picked,completed,自取站所已取件,
hct,誤派,Misdelivered,Misrouted,error,派送至錯誤站所,系統重新分配
hct,址誤,Address Error,Address Error,error,地址錯誤無法配送,聯繫商家更正地址
hct,拒收退回,Refused,Refused Return,returned,收件人拒收，包裹退回,
hct,商品保留不退,Hold No Return,Held No Return,on_hold,商品保留不退回,聯繫商家
hct,公司行號休息,Office Closed,Office Closed,error,公司行號休息日無法配送,延後重新配送
ezship,A01,超商取貨,CVS Pickup,order_type,建單時的訂單狀態分組 超商取貨類 須帶 st_code,
ezship,A02,超商取貨,CVS Pickup,order_type,建單時的訂單狀態分組 超商取貨類 須帶 st_code,
ezship,A03,超商取貨,CVS Pickup,order_type,建單時的訂單狀態分組 超商取貨類 須帶 st_code,
ezship,A04,超商取貨,CVS Pickup,order_type,建單時的訂單狀態分組 超商取貨類 須帶 st_code,
ezship,A05,宅配,Home Delivery,order_type,建單時的訂單狀態分組 宅配類 須帶 rv_addr 與 rv_zip,
ezship,A06,宅配,Home Delivery,order_type,建單時的訂單狀態分組 宅配類 須帶 rv_addr 與 rv_zip,
ezship,A11,店港澳,HK/Macau Store,order_type,建單時的訂單狀態分組 店港澳類 須帶 st_code,
ezship,A12,店港澳,HK/Macau Store,order_type,建單時的訂單狀態分組 店港澳類 須帶 st_code,
ezship,S05,包裹退貨,Package Returned,returned,貨況查詢回傳 此狀態無法呈現最終貨況,登入 ezShip 系統查詢最終貨況
ezship,S06,包裹配送異常,Delivery Exception,error,貨況查詢回傳 此狀態無法呈現最終貨況,登入 ezShip 系統查詢最終貨況
ezship,00000000,建單失敗,Order Creation Failed,error,傳送訂單回傳的 sn_id 為八個零即代表建單失敗 無獨立錯誤碼欄位,檢查必填欄位與帳號是否已開通網站串接
