method_code,method_zh,method_en,ecpay_code,newebpay_code,payuni_code,smilepay_code,pchomepay_code,ezpay_code,paynow_code,min_amount,max_amount,settlement_days,fee_type,notes
credit,信用卡,Credit Card,Credit,CREDIT,credit,Pay_zg=1,CC,CREDIT,CreditCard,1,,2-3,percentage,一次付清
credit_installment,信用卡分期,Credit Installment,Credit+CreditInstallment,INST,installment,Pay_zg=1+Stage,CC_INSTALLMENT,INST,CreditCardInstallment,1000,,依期數,percentage,3/6/12/18/24/30期
credit_periodic,信用卡定期,Credit Periodic,Credit+Period,,,,,,,,100,,2-3,percentage,週期扣款；PayNow 現代版用 Customer/Card Token
credit_red,信用卡紅利,Credit Red,CreditRed,CreditRed,,,,,,,1,,2-3,percentage,紅利折抵
unionpay,銀聯卡,UnionPay,UnionPay,UNIONPAY,unionpay,Pay_zg=11,,UNIONPAY,,1,,2-3,percentage,需另申請；SmilePay 用 Pay_zg=11
creditae,美國運通卡,AMEX,,CREDITAE,,,,CREDITAE,,1,,2-3,percentage,需另申請
webatm,網路ATM,WebATM,WebATM,WEBATM,webatm,,,WEBATM,,1,49999,1,fixed,即時轉帳
atm,ATM虛擬帳號,ATM Virtual Account,ATM,VACC,atm,Pay_zg=2,ATMVA,VACC,ATM,1,49999,1-3,fixed,產生繳費帳號
cvs,超商代碼,CVS Code,CVS,CVS,cvs,Pay_zg=4 (ibon)/6 (FamiPort),BARCODE_CVS,CVS,ConvenienceStore,30,20000,1-3,fixed,至超商繳費；SmilePay 細分 ibon/FamiPort
barcode,超商條碼,CVS Barcode,BARCODE,BARCODE,,Pay_zg=3,,BARCODE,,20,40000,1-3,fixed,產生條碼
applepay,Apple Pay,Apple Pay,ApplePay,APPLEPAY,ApplePay,,,APPLEPAY,ApplePay,1,,2-3,percentage,PayNow 現代版含 Apple Pay v1/v2 + Deferred (延遲扣款)
applepay_deferred,Apple Pay 延遲扣款,Apple Pay Deferred,,,,,,,,ApplePayDeferred,,1,,2-3,percentage,PayNow 現代版獨家；先授權後扣款
googlepay,Google Pay,Google Pay,,ANDROIDPAY,GooglePay,,,ANDROIDPAY,,1,,2-3,percentage,需申請
samsungpay,Samsung Pay,Samsung Pay,,SAMSUNGPAY,SamsungPay,,,SAMSUNGPAY,,1,,2-3,percentage,需申請
linepay,LINE Pay,LINE Pay,,LINEPAY,LinePay,,,LINEPAY,LINEPayOnline,1,,2-3,percentage,PayNow 現代版分線上 (LINEPayOnline) 與線下 (LINEPayOffline)
linepay_offline,LINE Pay 線下,LINE Pay Offline,,,,,,,,LINEPayOffline,1,,2-3,percentage,PayNow 現代版獨家
esunwallet,玉山 Wallet,E.SUN Wallet,,ESUNWALLET,,,,ESUNWALLET,,1,,2-3,percentage,需申請
taiwanpay,台灣 Pay,Taiwan Pay,,TAIWANPAY,,,,TAIWANPAY,,1,49999,2-3,percentage,需申請
bitopay,BitoPay,BitoPay,,BITOPAY,,,,BITOPAY,,100,49999,2-3,percentage,加密貨幣
twqr,TWQR,TWQR,TWQR,TWQR,TWQR,,,TWQR,,1,,2-3,percentage,台灣Pay QR Code
bnpl,無卡分期,BNPL,BNPL,,,,,,,50,300000,依方案,percentage,先買後付
aftee,AFTEE先享後付,AFTEE,,,AFTEE,,,,,1,,2-3,percentage,PayUNi專屬
icash,愛金卡,iCash,,,iCash,,,,iCashPay,1,,2-3,percentage,PayUNi 與 PayNow 兩家支援
ezpalipay,簡單付支付寶,Alipay,,EZPALIPAY,,,,EZPALIPAY,,1,,2-3,percentage,跨境支付
ezpwechat,簡單付微信,WeChat Pay,,EZPWECHAT,,,,EZPWECHAT,,1,,2-3,percentage,跨境支付
pcpay_wallet,拍錢包,PChome Wallet,,,,,PI,,,,1,,2-3,percentage,PChomePay 獨家；含 5% P 幣回饋
cvs_cod,超商取貨付款,CVS COD,,,,,COD,,,,1,20000,1-3,fixed,PChomePay 獨家；含 7-Eleven 取貨
weixinpay,微信支付,WeChat Pay (ECPay),WeiXin,EZPWECHAT,,,,EZPWECHAT,,1,,2-3,percentage,ECPay 直接 ChoosePayment=WeiXin；NewebPay/ezPay 走 EZPWECHAT
digital_payment,電子支付/電子錢包 umbrella,Digital Payment Umbrella,DigitalPayment,,,,,,,,1,,2-3,percentage,ECPay 專屬 umbrella；客戶於選擇頁挑街口/全盈+PAY/全支付/一卡通/悠遊付/icashpay
jkopay,街口支付,JKO Pay,DigitalPayment,JKOPAY,,,,JKOPAY,,1,,2-3,percentage,ECPay 走 DigitalPayment umbrella；NewebPay/ezPay 直送 JKOPAY
pxpay_plus,全支付,PX Pay Plus,DigitalPayment,PXPAY,,,,PXPAY,,1,,2-3,percentage,全聯系；ECPay umbrella；NewebPay 直送 PXPAY
plus_pay,全盈+PAY,Plus Pay,DigitalPayment,PLUSPAY,,,,PLUSPAY,,1,,2-3,percentage,玉山金控；ECPay umbrella；NewebPay 直送 PLUSPAY
ipass_money,一卡通 MONEY,iPASS Money,DigitalPayment,IPASSPAY,,,,IPASSPAY,,1,,2-3,percentage,一卡通；ECPay umbrella
easywallet,悠遊付,Easy Wallet,DigitalPayment,EASYCARD,,,,EASYCARD,,1,,2-3,percentage,悠遊卡公司；ECPay umbrella
icash_pay,icash Pay,iCash Pay,DigitalPayment,ICASHPAY,,,,ICASHPAY,iCashPay,1,,2-3,percentage,愛金卡；ECPay umbrella；PAYUNi 專屬代碼 iCash
ecpay_pay,綠界Pay,ECPay Pay,EcpayPay,,,,,,,1,,2-3,percentage,ECPay 自家錢包
openpoint,OPENPOINT,OPEN POINT,DigitalPayment,,,,,,,1,,2-3,percentage,7-11/統一集團；ECPay umbrella
atome,Atome 安多目,Atome,BNPL,,,,,,,1,30000,依方案,percentage,新加坡 BNPL 服務；ECPay 走 BNPL umbrella
